relevance	holder	target	sentiment	date	context
0	宇__9	0	0	2017.05.10 星期三10:51	 陳胖子
0	宇__9	0	0	2017.05.10 星期三10:51	 上哪不用分享嗎
0	陳__12	0	0	2017.05.10 星期三12:09	 沒東西可以分享啊XDD
0	陳__12	0	0	2017.05.10 星期三12:09	 講起來好悲催
0	吳__10	0	0	2017.05.10 星期三12:30	 上哪不用分享嗎
0	1__6	0	0	2017.05.10 星期三12:50	 ⋯
0	1__6	0	0	2017.05.10 星期三12:50	 所以 自由沒==？
0	陳__12	0	0	2017.05.10 星期三12:57	 沒啊
0	陳__12	0	0	2017.05.10 星期三12:57	 繼續指考
0	陳__12	0	0	2017.05.10 星期三12:57	 貼圖
0	1__6	0	0	2017.05.10 星期三13:00	 ⋯
0	宇__9	0	0	2017.05.10 星期三13:15	 還哈哈哈哈哈哈哈哈哈哈哈哈哈火鶴花
0	宇__9	0	0	2017.05.10 星期三13:16	 啊面試分數怎麼樣
0	吳__10	0	0	2017.05.10 星期三13:16	 公🦈小
0	陳__12	0	0	2017.05.10 星期三13:35	 面試分數不錯 不過備審資料不夠高
0	陳__12	0	0	2017.05.10 星期三13:35	 可能成績不高吧
0	宇__9	0	0	2017.05.10 星期三14:05	 好吧
0	吳__10	0	0	2017.05.11 星期四21:18	 https://youtu.be/K9b11NYTM3w
0	吳__10	0	0	2017.05.11 星期四21:19	 圖片
0	陳__12	0	0	2017.05.13 星期六12:28	 圖片
0	宇__9	0	0	2017.05.13 星期六12:50	 Lol
0	吳__10	0	0	2017.05.13 星期六14:12	 哈哈哈中肯
0	吳__10	0	0	2017.05.22 星期一12:39	 影片
0	吳__10	0	0	2017.05.22 星期一12:40	 whose got the hot hand
0	陳__12	0	0	2017.05.22 星期一14:10	 現在連永璿都這麼強喔
0	宇__9	0	0	2017.05.22 星期一14:52	 單挑啊
0	吳__10	0	0	2017.05.22 星期一15:04	 怕
0	1__6	0	0	2017.05.22 星期一16:03	 影片
0	1__6	0	0	2017.05.22 星期一16:03	 影片
0	1__6	0	0	2017.05.22 星期一16:05	 你的號也有 但忘了錄
0	1__6	0	0	2017.05.22 星期一16:05	 空居的
0	陳__12	0	0	2017.05.22 星期一16:05	 現在是比誰HL比較神嗎XD
0	吳__10	0	0	2017.05.22 星期一16:12	 好吧kevin比較猛哈哈
0	1__6	0	0	2017.05.22 星期一16:12	 哈哈 油哥 你的金槍可以換 駭影的嗎
0	陳__12	0	0	2017.05.22 星期一16:12	 蛤....
0	1__6	0	0	2017.05.22 星期一16:12	 永瑞 的可以換壁累嗎XD
0	1__6	0	0	2017.05.22 星期一16:13	 想玩奇葩角
0	吳__10	0	0	2017.05.22 星期一16:13	 喂
0	陳__12	0	0	2017.05.22 星期一16:13	 我幾乎不玩駭影欸
0	陳__12	0	0	2017.05.22 星期一16:13	 可以不要嗎
0	吳__10	0	0	2017.05.22 星期一16:13	 不要亂換啊
0	1__6	0	0	2017.05.22 星期一16:13	 哈哈
0	1__6	0	0	2017.05.22 星期一16:13	 好啦
0	1__6	0	0	2017.05.22 星期一16:13	 我本號 季末 換閃光的
0	1__6	0	0	2017.05.22 星期一16:14	 第四把應該是 駭影 或 小美 想玩他們
0	吳__10	0	0	2017.05.26 星期五21:51	 https://youtu.be/Qu38j3wmVS0
0	吳__10	0	0	2017.05.26 星期五21:51	 這不能只有我看到
0	陳__12	0	0	2017.05.26 星期五21:56	 哈哈 猛
0	陳__12	0	0	2017.05.26 星期五21:56	 DVA正翻
0	吳__10	0	0	2017.05.26 星期五21:57	 我要那個high noon 
0	陳__12	0	0	2017.05.26 星期五22:09	 整個影片都是梗啊
0	陳__12	0	0	2017.05.26 星期五22:09	 本來也想講那個High noon好笑
0	陳__12	0	0	2017.05.26 星期五22:09	 不過後面那個76也是專業啊
0	1__6	0	0	2017.05.26 星期五23:14	 哈哈
0	吳__10	0	0	2017.05.26 星期五23:33	 76爽看一波
0	吳__10	0	0	2017.05.26 星期五23:33	 麥卡出場還有把海灘傘踢開
0	吳__10	0	0	2017.05.26 星期五23:34	 有點像他每次開大的時候那個在滾的
0	宇__9	0	0	2017.05.27 星期六11:57	 連假要幹嘛
0	陳__12	0	0	2017.05.27 星期六11:57	 倒數30天
0	宇__9	0	0	2017.05.27 星期六11:57	 我沒問你哈哈
0	宇__9	0	0	2017.05.27 星期六11:58	 還是你需要我們的補習哈哈
0	陳__12	0	0	2017.05.27 星期六11:58	 我只是想刷個存在感
0	陳__12	0	0	2017.05.27 星期六11:58	 哈哈不用
0	宇__9	0	0	2017.05.27 星期六11:58	 Lol
0	宇__9	0	0	2017.05.27 星期六11:58	 加油胖子
0	陳__12	0	0	2017.05.27 星期六11:59	 貼圖
0	吳__10	0	0	2017.05.27 星期六12:00	 我沒幹嘛欸
0	宇__9	0	0	2017.05.27 星期六12:00	 打星海啊  或是鬥陣
0	宇__9	0	0	2017.05.27 星期六12:00	 欸欸欸
0	宇__9	0	0	2017.05.27 星期六12:01	 我手又斷了你們知道嗎
0	吳__10	0	0	2017.05.27 星期六12:01	 不知
0	吳__10	0	0	2017.05.27 星期六12:01	 什麼時候啊
0	宇__9	0	0	2017.05.27 星期六12:01	 斷同一根
0	宇__9	0	0	2017.05.27 星期六12:01	 2weeks ago
0	宇__9	0	0	2017.05.27 星期六12:01	 開完刀了
0	吳__10	0	0	2017.05.27 星期六12:02	 保重
0	宇__9	0	0	2017.05.27 星期六12:02	 嫩
0	吳__10	0	0	2017.05.27 星期六12:02	 這樣你可以打鬥陣喔？
0	陳__12	0	0	2017.05.27 星期六12:16	 老大是要步上裕尾貴的後塵嗎
0	宇__9	0	0	2017.05.27 星期六12:46	 Who the fk is yu wei guie
0	陳__12	0	0	2017.05.27 星期六12:52	 就是日本動漫的一個配音員
0	陳__12	0	0	2017.05.27 星期六12:53	 他配的男角色幾乎都會斷手
0	陳__12	0	0	2017.05.27 星期六12:55	 所以戲稱裕尾貴斷手傳說XDD
0	宇__9	0	0	2017.05.27 星期六16:42	 Haha
0	宇__9	0	0	2017.05.27 星期六16:43	  Boring as fk
0	吳__10	0	0	2017.05.27 星期六17:04	 那怎麼骨折的啊
0	宇__9	0	0	2017.05.27 星期六17:26	 Back flip
0	宇__9	0	0	2017.05.27 星期六17:27	 影片
0	宇__9	0	0	2017.05.27 星期六17:27	 影片
0	宇__9	0	0	2017.05.27 星期六17:27	 影片
0	宇__9	0	0	2017.05.27 星期六17:27	 影片
0	1__6	0	0	2017.05.27 星期六17:59	 小東 借我號
0	1__6	0	0	2017.05.27 星期六18:01	 小東～
0	1__6	0	0	2017.05.27 星期六18:01	 永瑞～～
0	陳__12	0	0	2017.05.27 星期六18:03	 呃 抱歉
0	陳__12	0	0	2017.05.27 星期六18:03	 我自習時間不碰手機XD
0	1__6	0	0	2017.05.27 星期六19:07	 沒事啊
0	宇__9	0	0	2017.05.28 星期日17:30	 那要幹嘛嗎
0	吳__10	0	0	2017.05.28 星期日17:55	 可以吃個早餐啊
0	宇__9	0	0	2017.05.29 星期一00:29	 後天早上好了
0	吳__10	0	0	2017.05.29 星期一11:14	 吃午餐好了
0	吳__10	0	0	2017.05.29 星期一11:14	 我要從桃園來
0	1__6	0	0	2017.05.29 星期一12:17	 星期三 我有課餒
0	陳__12	0	0	2017.05.29 星期一12:17	 翹
0	陳__12	0	0	2017.05.29 星期一12:17	 XD
0	1__6	0	0	2017.05.29 星期一12:17	 不行
0	1__6	0	0	2017.05.29 星期一12:18	 小東 你有金槍了
0	陳__12	0	0	2017.05.29 星期一12:18	 給76謝謝
0	陳__12	0	0	2017.05.29 星期一12:18	 哈哈
0	陳__12	0	0	2017.05.29 星期一12:18	 他們吃午餐欸
0	陳__12	0	0	2017.05.29 星期一12:18	 你趕不到？
0	吳__10	0	0	2017.05.29 星期一12:22	 禮拜三我也不行
0	吳__10	0	0	2017.05.29 星期一12:22	 我想說廖是說禮拜二
0	宇__9	0	0	2017.05.29 星期一15:28	 Yeah tmr
0	1__6	0	0	2017.05.29 星期一15:33	 你們是要幹嗎
0	1__6	0	0	2017.05.29 星期一15:33	 我明天好對東西要弄⋯
0	吳__10	0	0	2017.05.29 星期一15:35	 吃個飯吧
0	陳__12	0	0	2017.05.29 星期一21:53	 有人要打星海嗎
0	吳__10	0	0	2017.05.29 星期一21:53	 現在？
0	陳__12	0	0	2017.05.29 星期一21:54	 嗯哼
0	吳__10	0	0	2017.05.29 星期一21:54	 艦隊前往中
0	吳__10	0	0	2017.05.29 星期一21:54	 怎麼突然想打
0	陳__12	0	0	2017.05.29 星期一21:55	 現在人在台中
0	陳__12	0	0	2017.05.29 星期一21:55	 剛好帶筆電 可以打XD
0	宇__9	0	0	2017.05.29 星期一22:20	 永瑞
0	宇__9	0	0	2017.05.29 星期一22:20	 朱問要看電影
0	宇__9	0	0	2017.05.29 星期一22:20	 嗎
0	吳__10	0	0	2017.05.29 星期一22:20	 可以ㄚ
0	陳__12	0	0	2017.05.29 星期一23:23	 欸欸
0	陳__12	0	0	2017.05.29 星期一23:23	 你們明天看？
0	陳__12	0	0	2017.05.29 星期一23:23	 幾點的？
0	吳__10	0	0	2017.05.30 星期二08:00	 對啊
0	吳__10	0	0	2017.05.30 星期二08:00	 幾點的
0	陳__12	0	0	2017.05.30 星期二08:14	 已讀3結果沒人回XD
0	吳__10	0	0	2017.05.30 星期二08:51	 貼圖
0	吳__10	0	0	2017.05.30 星期二08:51	 貼圖
0	1__6	0	0	2017.05.30 星期二09:33	 我隨便
0	吳__10	0	0	2017.05.30 星期二09:50	 吃午餐然後看電影這樣吧
0	吳__10	0	0	2017.05.30 星期二09:51	 廖87起來了沒
0	1__6	0	0	2017.05.30 星期二09:52	 還是要來 大坪林 打鬥陣XD
0	1__6	0	0	2017.05.30 星期二09:53	 如果你們不愛看電影的話
0	陳__12	0	0	2017.05.30 星期二09:53	 最近惡靈古堡不是出動畫電影
0	陳__12	0	0	2017.05.30 星期二09:53	 我超想看
0	1__6	0	0	2017.05.30 星期二09:53	 電影院有？
0	陳__12	0	0	2017.05.30 星期二09:54	 應該上映了吧
0	1__6	0	0	2017.05.30 星期二09:54	 而且你有空喔==
0	1__6	0	0	2017.05.30 星期二09:54	 血怨 還 血咒 我知道啊
0	陳__12	0	0	2017.05.30 星期二09:54	 本來昨天你們早點講 我可以問問我爸媽
0	陳__12	0	0	2017.05.30 星期二09:54	 今天應該不能了XD
0	1__6	0	0	2017.05.30 星期二09:54	 喔喔
0	陳__12	0	0	2017.05.30 星期二09:54	 他們昨天還沒排行程 我搞不好可以去
0	陳__12	0	0	2017.05.30 星期二09:54	 哪知道你們不回=3=
0	1__6	0	0	2017.05.30 星期二09:55	 你還是 認真看書吧 這次 解決掉 大考 吧
0	1__6	0	0	2017.05.30 星期二09:55	 然後一起嗨
0	陳__12	0	0	2017.05.30 星期二09:55	 沒啊 我今天本來就沒要讀書
0	陳__12	0	0	2017.05.30 星期二09:55	 放假一天
0	1__6	0	0	2017.05.30 星期二09:55	 我都 不 乾 去你家了⋯
0	陳__12	0	0	2017.05.30 星期二09:55	  沒那麼誇張吧
0	1__6	0	0	2017.05.30 星期二09:56	 你自己說
0	陳__12	0	0	2017.05.30 星期二09:56	 ？
0	1__6	0	0	2017.05.30 星期二09:56	 第一次 去你家 害你 沒填榜單
0	1__6	0	0	2017.05.30 星期二09:56	 第二次 跟你去日本 然後⋯
0	1__6	0	0	2017.05.30 星期二09:56	 你爸媽 都想殺我們了吧
0	陳__12	0	0	2017.05.30 星期二09:56	 你也想太多XD
0	1__6	0	0	2017.05.30 星期二09:56	 貼圖
0	陳__12	0	0	2017.05.30 星期二09:57	 第一次我自己沒填 我自己問題好不
0	陳__12	0	0	2017.05.30 星期二09:57	 日本那個也是考完才去
0	陳__12	0	0	2017.05.30 星期二09:57	 已經成定局了
0	吳__10	0	0	2017.05.30 星期二09:57	 突破盲點哈哈
0	1__6	0	0	2017.05.30 星期二09:57	 反正 你努力點啦！ 暑假 再一起玩
0	陳__12	0	0	2017.05.30 星期二09:57	 嗯哼
0	吳__10	0	0	2017.05.30 星期二11:46	 廖宇_9講話
0	1__6	0	0	2017.05.30 星期二11:47	 他是 沒手機嗎⋯
0	1__6	0	0	2017.05.30 星期二14:43	 小東
0	陳__12	0	0	2017.05.30 星期二14:43	 按了
0	1__6	0	0	2017.05.30 星期二14:43	 謝啦
0	1__6	0	0	2017.05.30 星期二14:43	 換76的喔
0	陳__12	0	0	2017.05.30 星期二14:43	 嗯
0	1__6	0	0	2017.05.30 星期二14:43	 貼圖
0	陳__12	0	0	2017.05.30 星期二14:43	 別亂來啊
0	陳__12	0	0	2017.05.30 星期二14:44	 雖然是你打的 但畢竟是我帳號
0	陳__12	0	0	2017.05.30 星期二14:44	 給點尊重XD
0	1__6	0	0	2017.05.30 星期二14:44	 貼圖
0	1__6	0	0	2017.05.30 星期二14:44	 哈哈
0	1__6	0	0	2017.05.30 星期二14:44	 換了
0	陳__12	0	0	2017.05.30 星期二14:45	 76？
0	1__6	0	0	2017.05.30 星期二14:45	 圖片
0	陳__12	0	0	2017.05.30 星期二14:45	 貼圖
0	宇__9	0	0	2017.06.09 星期五15:52	 禮拜六下午有人要讀書嗎
0	宇__9	0	0	2017.06.09 星期五15:53	 朱可以去你家讀嗎
0	1__6	0	0	2017.06.09 星期五16:31	 我是沒差 可是你不要 要來不來的
0	1__6	0	0	2017.06.09 星期五16:31	 你要看 就1:00到
0	1__6	0	0	2017.06.09 星期五16:31	 我上午 鋼琴課 到12:00
0	宇__9	0	0	2017.06.09 星期五17:05	 永瑞嘞
0	吳__10	0	0	2017.06.09 星期五17:07	 可以啊
0	吳__10	0	0	2017.06.10 星期六15:06	已變更群組圖片。
0	1__6	0	0	2017.06.22 星期四11:29	 油哥啥時放假啊
0	1__6	0	0	2017.06.22 星期四11:29	 貼圖
0	陳__12	0	0	2017.06.22 星期四12:04	 我7/3考完
0	陳__12	0	0	2017.06.22 星期四12:05	 不過7/4要飛大陸XD
0	陳__12	0	0	2017.06.22 星期四12:05	 14號回來
0	陳__12	0	0	2017.06.22 星期四12:09	 7/3晚上要一起吃個飯嗎？
0	1__6	0	0	2017.06.22 星期四13:10	 哈哈 我7/3 去美國了
0	1__6	0	0	2017.06.22 星期四13:10	 7/18好像 回來
0	陳__12	0	0	2017.06.22 星期四13:33	 看來都要等到7月中了XD
0	陳__12	0	0	2017.07.12 星期三13:31	 呼叫朱
0	宇__9	0	0	2017.07.13 星期四01:00	 ?
0	宇__9	0	0	2017.07.13 星期四14:07	 小東
0	宇__9	0	0	2017.07.13 星期四14:08	 sc?
0	陳__12	0	0	2017.07.13 星期四20:22	 你想打？
0	陳__12	0	0	2017.07.13 星期四20:22	 我可以啊
0	陳__12	0	0	2017.07.13 星期四20:22	 晚上都行
0	1__6	0	0	2017.07.14 星期五01:15	 幹
0	1__6	0	0	2017.07.14 星期五01:15	 好可愛
0	1__6	0	0	2017.07.14 星期五01:15	 圖片
0	1__6	0	0	2017.07.14 星期五01:15	 圖片
0	1__6	0	0	2017.07.14 星期五01:15	 超屌 公園都是鵝
0	(__2	0	0	2017.07.14 星期五02:02	 Do u mean 加拿大野雁嗎？
0	1__6	0	0	2017.07.14 星期五02:11	 對啊
0	1__6	0	0	2017.07.14 星期五02:11	 Canada's gee
0	1__6	0	0	2017.07.14 星期五02:11	 猛耶 我第一次看到 那麼大的鳥類
0	宇__9	0	0	2017.07.14 星期五09:30	 我倒是每天看
0	宇__9	0	0	2017.07.14 星期五09:30	 貼圖
0	1__6	0	0	2017.07.14 星期五09:32	 哈哈 看你男朋友的 我知道
0	1__6	0	0	2017.07.14 星期五09:32	 貼圖
0	吳__10	0	0	2017.07.14 星期五10:07	 87廖
0	陳__12	0	0	2017.07.15 星期六22:40	 各位弟兄們 我回台灣了
0	陳__12	0	0	2017.07.15 星期六22:40	 就等朱回來 大家再一起聚
0	1__6	0	0	2017.07.15 星期六22:49	 貼圖
0	吳__10	0	0	2017.07.15 星期六22:59	 幹
0	吳__10	0	0	2017.07.15 星期六22:59	 這還不聚
0	1__6	0	0	2017.07.15 星期六23:03	 哈哈 永瑞個姓 是不是變了XD
0	陳__12	0	0	2017.07.15 星期六23:54	 各種髒話
0	吳__10	0	0	2017.07.16 星期日12:43	 kevin跟小東接下來有空嗎
0	吳__10	0	0	2017.07.16 星期日12:43	 我跟廖想要bike trip
0	吳__10	0	0	2017.07.16 星期日12:43	 到苗栗再回來
0	陳__12	0	0	2017.07.16 星期日12:44	 可以啊
0	陳__12	0	0	2017.07.16 星期日12:44	 什麼時候？
0	陳__12	0	0	2017.07.16 星期日12:45	 我19～28要填志願
0	陳__12	0	0	2017.07.16 星期日12:45	 我應該第二天填好
0	吳__10	0	0	2017.07.16 星期日12:45	 喔~
0	吳__10	0	0	2017.07.16 星期日12:45	 廖說出發
0	吳__10	0	0	2017.07.16 星期日12:45	 24號
0	陳__12	0	0	2017.07.16 星期日12:45	 OK
0	陳__12	0	0	2017.07.16 星期日12:46	 從哪出發？
0	陳__12	0	0	2017.07.16 星期日12:46	 我在桃園欸
0	吳__10	0	0	2017.07.16 星期日12:46	 大概4,5天
0	陳__12	0	0	2017.07.16 星期日12:46	 苗栗在下面而已
0	吳__10	0	0	2017.07.16 星期日12:46	 應該是我家
0	陳__12	0	0	2017.07.16 星期日12:46	 哈哈
0	陳__12	0	0	2017.07.16 星期日12:46	 幹我會不會騎到一半暴斃啊XDD
0	陳__12	0	0	2017.07.16 星期日12:46	 沒騎過這麼遠
0	吳__10	0	0	2017.07.16 星期日12:46	 要注意防曬
0	吳__10	0	0	2017.07.16 星期日12:47	 腳踏車可以用租的
0	陳__12	0	0	2017.07.16 星期日12:48	 我用租的 我沒腳踏車XD
0	吳__10	0	0	2017.07.16 星期日12:48	 kk
0	陳__12	0	0	2017.07.16 星期日12:48	 欸你家是說新店的？
0	宇__9	0	0	2017.07.16 星期日12:48	 桃園
0	吳__10	0	0	2017.07.16 星期日12:48	 桃園的
0	宇__9	0	0	2017.07.16 星期日12:48	 87
0	陳__12	0	0	2017.07.16 星期日12:48	 喔喔
0	陳__12	0	0	2017.07.16 星期日12:48	 沒啊
0	陳__12	0	0	2017.07.16 星期日12:49	 我想說你說4、5天
0	陳__12	0	0	2017.07.16 星期日12:49	 是不是從台北出發
0	吳__10	0	0	2017.07.16 星期日12:49	 我看地圖感覺上是4,5天哈哈
0	吳__10	0	0	2017.07.16 星期日12:49	 還沒詳細計算里程
0	陳__12	0	0	2017.07.16 星期日12:49	 桃園到苗栗再回來 大概3天就很輕鬆了
0	宇__9	0	0	2017.07.16 星期日12:49	 4.5天太常了吧
0	宇__9	0	0	2017.07.16 星期日12:49	 長
0	吳__10	0	0	2017.07.16 星期日12:49	 擬就3天啊
0	吳__10	0	0	2017.07.16 星期日12:49	 我說來回ㄟ
0	陳__12	0	0	2017.07.16 星期日12:50	 如果中途要逛景點
0	陳__12	0	0	2017.07.16 星期日12:50	 那5天會差不多
0	吳__10	0	0	2017.07.16 星期日12:50	 黑啊
0	陳__12	0	0	2017.07.16 星期日12:51	 看你們要不要去樂園之類的
0	吳__10	0	0	2017.07.16 星期日12:51	 有樂園嗎
0	吳__10	0	0	2017.07.16 星期日12:51	 那路上
0	吳__10	0	0	2017.07.16 星期日12:51	 http://viablog.okmall.tw/blogview.php?blogid=1925
0	吳__10	0	0	2017.07.16 星期日12:51	 這是我想說的目的地
0	1__6	0	0	2017.07.16 星期日12:54	 Sorry 我不參加
0	1__6	0	0	2017.07.16 星期日12:55	 我很容意曬傷
0	1__6	0	0	2017.07.16 星期日12:55	 我這次 在城市走來走去 就曬傷了 我參加別的
0	1__6	0	0	2017.07.16 星期日12:55	 貼圖
0	吳__10	0	0	2017.07.16 星期日12:56	 okk
0	陳__12	0	0	2017.07.16 星期日13:11	 還是改別的？
0	陳__12	0	0	2017.07.16 星期日13:11	 不會曬太多的
0	吳__10	0	0	2017.07.16 星期日13:13	 其實穿長袖再用領巾就不會曬了
0	陳__12	0	0	2017.07.16 星期日13:13	 欸對啊
0	陳__12	0	0	2017.07.16 星期日13:13	 通常騎自行車都是這樣穿
0	吳__10	0	0	2017.07.16 星期日13:13	 我之前環島9天也沒有曬傷
0	陳__12	0	0	2017.07.16 星期日13:13	 再配墨鏡
0	(__2	0	0	2017.07.16 星期日13:13	 你們的活動都好奇特
0	陳__12	0	0	2017.07.16 星期日13:18	 哈哈你下次回台灣什麼時候啊
0	吳__10	0	0	2017.07.16 星期日13:47	 確定可以嗎
0	吳__10	0	0	2017.07.16 星期日13:47	 我要借車了喔
0	陳__12	0	0	2017.07.16 星期日13:49	 借 都借
0	吳__10	0	0	2017.07.16 星期日13:50	 那就24~29
0	陳__12	0	0	2017.07.16 星期日13:50	 確定這麼多天？
0	吳__10	0	0	2017.07.16 星期日13:51	 我們騎到彰化
0	陳__12	0	0	2017.07.16 星期日13:51	 喔喔
0	吳__10	0	0	2017.07.16 星期日13:51	 因為可以在彰化還車
0	陳__12	0	0	2017.07.16 星期日13:51	 那再搭火車回來？
0	吳__10	0	0	2017.07.16 星期日13:51	 恩恩
0	陳__12	0	0	2017.07.16 星期日13:51	 OK
0	1__6	0	0	2017.07.16 星期日22:49	 先不了 sorry
0	1__6	0	0	2017.07.18 星期二07:54	 我回來啦
0	陳__12	0	0	2017.07.20 星期四21:12	 各位
0	陳__12	0	0	2017.07.20 星期四21:12	 我應該會去讀淡江
0	陳__12	0	0	2017.07.20 星期四21:12	 分數高不少
0	吳__10	0	0	2017.07.20 星期四21:15	 聖光啊
0	吳__10	0	0	2017.07.20 星期四21:15	 貼圖
0	陳__12	0	0	2017.07.20 星期四21:16	 貼圖
0	陳__12	0	0	2017.07.20 星期四21:16	 看到落點分析出來時 眼淚都快流下來了
0	陳__12	0	0	2017.07.20 星期四21:16	 XD
0	吳__10	0	0	2017.07.20 星期四21:17	 穩了
0	吳__10	0	0	2017.07.20 星期四21:17	 貼圖
0	陳__12	0	0	2017.07.20 星期四21:17	 要去當老大學弟了
0	陳__12	0	0	2017.07.20 星期四21:17	 哈哈
0	1__6	0	0	2017.07.20 星期四21:36	 貼圖
0	1__6	0	0	2017.07.20 星期四21:36	 nice
0	宇__9	0	0	2017.07.20 星期四22:20	 哈哈胖子不錯喔
0	陳__12	0	0	2017.07.20 星期四22:21	 貼圖
0	宇__9	0	0	2017.07.20 星期四22:21	 啥系
0	陳__12	0	0	2017.07.20 星期四22:21	 我覺得中文系吧
0	宇__9	0	0	2017.07.20 星期四22:21	 只有中文可以選嗎
0	陳__12	0	0	2017.07.20 星期四22:22	 有其他的
0	陳__12	0	0	2017.07.20 星期四22:22	 但最喜歡的是中文
0	宇__9	0	0	2017.07.20 星期四22:22	 有人要打星海嗎
0	宇__9	0	0	2017.07.20 星期四22:22	 我覺得你可以學別的看看
0	宇__9	0	0	2017.07.20 星期四22:22	 我說語言
0	陳__12	0	0	2017.07.20 星期四22:22	 我不喜歡外文啊
0	宇__9	0	0	2017.07.20 星期四22:22	 好吧哈哈
0	陳__12	0	0	2017.07.20 星期四22:23	 是有外文可以選啦
0	陳__12	0	0	2017.07.20 星期四22:23	 還有什麼俄羅斯語言
0	陳__12	0	0	2017.07.20 星期四22:23	 但不喜歡
0	宇__9	0	0	2017.07.20 星期四22:23	 Ok
0	陳__12	0	0	2017.07.20 星期四22:23	 我可以打星海
0	陳__12	0	0	2017.07.20 星期四22:23	 陪你一兩場
0	宇__9	0	0	2017.07.20 星期四22:25	 Right now
0	陳__12	0	0	2017.07.20 星期四22:27	 我開
0	陳__12	0	0	2017.07.20 星期四22:27	 等一下
0	陳__12	0	0	2017.07.20 星期四22:29	 我上了
0	吳__10	0	0	2017.07.20 星期四22:35	 有誰在打星海
0	宇__9	0	0	2017.07.20 星期四22:48	 哈哈
0	宇__9	0	0	2017.07.20 星期四22:48	 小東
0	陳__12	0	0	2017.07.20 星期四22:48	 你跟老大打吧
0	陳__12	0	0	2017.07.20 星期四22:49	 我去打LOL了
0	宇__9	0	0	2017.07.20 星期四22:49	 你要三三嗎
0	陳__12	0	0	2017.07.20 星期四22:49	 哈哈
0	陳__12	0	0	2017.07.20 星期四22:49	 沒啦
0	陳__12	0	0	2017.07.20 星期四22:49	 我跟同學約好了
0	宇__9	0	0	2017.07.20 星期四22:49	 來那
0	宇__9	0	0	2017.07.20 星期四22:49	 啦
0	陳__12	0	0	2017.07.20 星期四22:49	 跟你打是剛好在等他
0	陳__12	0	0	2017.07.20 星期四22:49	 下次吧
0	陳__12	0	0	2017.07.20 星期四22:49	 我幾乎每天都可以打啊
0	陳__12	0	0	2017.07.20 星期四22:49	 明天你可以找我
0	宇__9	0	0	2017.07.20 星期四22:49	 哼哼
0	陳__12	0	0	2017.07.20 星期四22:49	 抱歉啦
0	宇__9	0	0	2017.07.27 星期四20:04	 圖片
0	宇__9	0	0	2017.07.27 星期四20:05	 被封印的永瑞
0	宇__9	0	0	2017.07.27 星期四20:05	 貼圖
0	1__6	0	0	2017.07.27 星期四21:04	 ⋯
0	吳__10	0	0	2017.07.27 星期四21:06	 尛哦
0	吳__10	0	0	2017.07.27 星期四21:13	 圖片
0	吳__10	0	0	2017.07.27 星期四21:13	 甲
0	陳__12	0	0	2017.07.27 星期四21:18	 Fuck 老大那表情
0	陳__12	0	0	2017.07.27 星期四21:18	 真的甲
0	吳__10	0	0	2017.07.27 星期四22:40	 kevin 下週一二不行耶
0	吳__10	0	0	2017.07.27 星期四22:40	 那什麼時候小東家
0	陳__12	0	0	2017.07.27 星期四22:40	 都可以啊
0	陳__12	0	0	2017.07.27 星期四22:40	 我8月很閒
0	吳__10	0	0	2017.07.27 星期四22:41	 我下週也都可
0	宇__9	0	0	2017.07.29 星期六18:04	 vu/c93
0	宇__9	0	0	2017.07.29 星期六18:04	 星海嗎
0	陳__12	0	0	2017.07.29 星期六18:06	 打啊
0	宇__9	0	0	2017.07.29 星期六18:06	 go
0	陳__12	0	0	2017.07.31 星期一12:45	 朱翻臉不認人囉XDD
0	1__6	0	0	2017.07.31 星期一13:26	 ?
0	陳__12	0	0	2017.07.31 星期一13:27	 我昨天密你你還回我是誰
0	1__6	0	0	2017.07.31 星期一13:27	 密啥的？
0	陳__12	0	0	2017.07.31 星期一13:27	 來我家啊
0	1__6	0	0	2017.07.31 星期一13:27	 我沒看到耶
0	陳__12	0	0	2017.07.31 星期一13:27	 該不會昨天的是冒充的啊
0	陳__12	0	0	2017.07.31 星期一13:27	 我看到閃光太神啦上線
0	1__6	0	0	2017.07.31 星期一13:28	 你在說什麼==
0	1__6	0	0	2017.07.31 星期一13:28	 那又不是我
0	陳__12	0	0	2017.07.31 星期一13:28	 靠北
0	1__6	0	0	2017.07.31 星期一13:28	 我是Carr
0	陳__12	0	0	2017.07.31 星期一13:28	 被騙XD
0	陳__12	0	0	2017.07.31 星期一13:28	 我知道啊
0	陳__12	0	0	2017.07.31 星期一13:28	 但我後來說 我記得你改名了 sor密錯
0	陳__12	0	0	2017.07.31 星期一13:28	 結果他說 我是朱啊
0	1__6	0	0	2017.07.31 星期一13:29	 Wtf
0	陳__12	0	0	2017.07.31 星期一13:30	 真心不騙
0	1__6	0	0	2017.07.31 星期一13:30	 小東 我知道你學測考玩 很開心
0	陳__12	0	0	2017.07.31 星期一13:30	 我問他 你是朱易詰？
0	陳__12	0	0	2017.07.31 星期一13:30	 他說我是啊
0	1__6	0	0	2017.07.31 星期一13:30	 但開心 到 編故事 是不對的
0	陳__12	0	0	2017.07.31 星期一13:30	 幹 真的啦
0	陳__12	0	0	2017.07.31 星期一13:31	 不信你問他
0	陳__12	0	0	2017.07.31 星期一13:31	 他應該你朋友吧
0	1__6	0	0	2017.07.31 星期一13:32	 一定是
0	1__6	0	0	2017.07.31 星期一13:32	 他就是個香港小屁孩
0	1__6	0	0	2017.07.31 星期一13:32	 不用當真
0	陳__12	0	0	2017.07.31 星期一13:32	 我就說咩
0	1__6	0	0	2017.07.31 星期一13:33	 所以 說 你也知道不是我⋯ 你還問我幹嘛==
0	陳__12	0	0	2017.07.31 星期一13:33	 因為他後來沒回我
0	陳__12	0	0	2017.07.31 星期一13:33	 我半信半疑
0	陳__12	0	0	2017.07.31 星期一13:33	 想說確認一下
0	1__6	0	0	2017.07.31 星期一13:33	 哈哈
0	1__6	0	0	2017.07.31 星期一13:34	 他就這樣
0	1__6	0	0	2017.07.31 星期一13:34	 啊所以 你們 決定好沒
0	陳__12	0	0	2017.07.31 星期一13:34	 看你啊
0	陳__12	0	0	2017.07.31 星期一13:34	 你有空 召集盟軍
0	陳__12	0	0	2017.07.31 星期一13:34	 直奔桃園
0	1__6	0	0	2017.07.31 星期一13:34	 我都可啊 123不行
0	1__6	0	0	2017.07.31 星期一13:34	 你們 方便就好⋯
0	1__6	0	0	2017.07.31 星期一13:34	 幹嘛 看我⋯ 我又不是老大
0	1__6	0	0	2017.07.31 星期一13:35	 老大是廖
0	吳__10	0	0	2017.07.31 星期一13:36	 我六不行
0	陳__12	0	0	2017.07.31 星期一13:36	 因為你時間最難喬啊XD
0	吳__10	0	0	2017.07.31 星期一13:37	 那就4或5
0	陳__12	0	0	2017.07.31 星期一13:39	 來都來
0	陳__12	0	0	2017.07.31 星期一13:39	 4來住
0	1__6	0	0	2017.07.31 星期一13:40	 Ok
0	1__6	0	0	2017.07.31 星期一13:40	 ⋯
0	1__6	0	0	2017.07.31 星期一13:40	 小東
0	1__6	0	0	2017.07.31 星期一13:40	 漫展 到了叫我
0	陳__12	0	0	2017.07.31 星期一13:40	 漫展？
0	1__6	0	0	2017.07.31 星期一13:40	 12不行 
0	陳__12	0	0	2017.07.31 星期一13:40	 還沒開始喔
0	1__6	0	0	2017.07.31 星期一13:40	 嗯
0	陳__12	0	0	2017.07.31 星期一13:40	 我以為已經結束了
0	1__6	0	0	2017.07.31 星期一13:40	 ⋯
0	1__6	0	0	2017.07.31 星期一13:40	 不都8月嗎！？
0	陳__12	0	0	2017.07.31 星期一13:40	 因為之前上海漫展
0	陳__12	0	0	2017.07.31 星期一13:41	 我以為台灣也是差不多時間
0	1__6	0	0	2017.07.31 星期一13:41	 ⋯
0	1__6	0	0	2017.07.31 星期一13:42	 8/10～8/14啦
0	陳__12	0	0	2017.07.31 星期一13:42	 喔喔
0	1__6	0	0	2017.07.31 星期一13:42	 嚇我⋯
0	陳__12	0	0	2017.07.31 星期一13:42	 哈哈
0	陳__12	0	0	2017.07.31 星期一13:42	 我沒嚇你啦
0	陳__12	0	0	2017.07.31 星期一13:42	 我只是驚訝
0	1__6	0	0	2017.07.31 星期一13:42	 四到一
0	1__6	0	0	2017.07.31 星期一13:42	 我一不行
0	陳__12	0	0	2017.07.31 星期一13:42	 居然還沒結束
0	1__6	0	0	2017.07.31 星期一13:42	 那就 4或5
0	陳__12	0	0	2017.07.31 星期一13:42	 好
0	1__6	0	0	2017.07.31 星期一13:42	 Ok
0	陳__12	0	0	2017.07.31 星期一13:42	 漫展我也跟你一樣
0	陳__12	0	0	2017.07.31 星期一13:43	 就快進場完再去
0	陳__12	0	0	2017.07.31 星期一13:43	 買pvc就好
0	1__6	0	0	2017.07.31 星期一13:56	 哈哈
0	1__6	0	0	2017.07.31 星期一13:56	 我也是 只買公仔
0	陳__12	0	0	2017.07.31 星期一15:56	 所以這禮拜四來？
0	吳__10	0	0	2017.07.31 星期一16:09	 過
0	陳__12	0	0	2017.07.31 星期一16:32	 過？
0	吳__10	0	0	2017.07.31 星期一16:34	 就週四
0	陳__12	0	0	2017.07.31 星期一16:35	 貼圖
0	陳__12	0	0	2017.08.02 星期三10:52	 明天來嗎？
0	吳__10	0	0	2017.08.02 星期三11:29	 我ok
0	吳__10	0	0	2017.08.02 星期三11:29	 其他人出個聲
0	陳__12	0	0	2017.08.02 星期三12:44	 貼圖
0	1__6	0	0	2017.08.02 星期三13:15	 Ok
0	陳__12	0	0	2017.08.02 星期三13:20	 我現在在南京三民欸
0	陳__12	0	0	2017.08.02 星期三13:20	 要去新店找你們嗎XD
0	1__6	0	0	2017.08.02 星期三14:16	 我等等鋼琴課
0	1__6	0	0	2017.08.02 星期三14:16	 明天吧
0	1__6	0	0	2017.08.02 星期三14:17	 貼圖
0	陳__12	0	0	2017.08.02 星期三14:51	 哈哈 說說而已啦
0	陳__12	0	0	2017.08.02 星期三14:51	 啊老大勒
0	陳__12	0	0	2017.08.02 星期三14:59	 對了 你們明天要帶自己的滑鼠喔
0	陳__12	0	0	2017.08.02 星期三14:59	 我沒多的
0	吳__10	0	0	2017.08.02 星期三15:05	 有幾台電腦啊
0	陳__12	0	0	2017.08.02 星期三15:05	 2
0	陳__12	0	0	2017.08.02 星期三15:05	 你可以帶你的XD
0	宇__9	0	0	2017.08.02 星期三15:53	 Not sure yrr
0	宇__9	0	0	2017.08.02 星期三15:54	 Yet
0	陳__12	0	0	2017.08.02 星期三16:19	 ........
0	1__6	0	0	2017.08.02 星期三17:08	 永瑞明天一起去？
0	1__6	0	0	2017.08.02 星期三17:09	 我明天 早上 要先去北車 報名托福
0	1__6	0	0	2017.08.02 星期三17:09	 你要陪我嗎
0	1__6	0	0	2017.08.02 星期三17:09	 大概30分鐘
0	吳__10	0	0	2017.08.02 星期三17:09	 可以啊
0	1__6	0	0	2017.08.02 星期三17:09	 然後再搭火車
0	1__6	0	0	2017.08.02 星期三17:09	 Ok
0	陳__12	0	0	2017.08.02 星期三17:09	 晚上有沒有人打星海啊
0	1__6	0	0	2017.08.02 星期三17:09	 那約幾點
0	吳__10	0	0	2017.08.02 星期三17:09	 9點大坪林
0	吳__10	0	0	2017.08.02 星期三17:10	 打33？
0	1__6	0	0	2017.08.02 星期三17:10	 Ok
0	陳__12	0	0	2017.08.02 星期三17:10	 也行啦
0	吳__10	0	0	2017.08.02 星期三17:10	 我可以打啊
0	陳__12	0	0	2017.08.02 星期三17:10	 不過我比較想打合作
0	1__6	0	0	2017.08.02 星期三17:10	 我不星海 sorry
0	陳__12	0	0	2017.08.02 星期三17:10	 我11等了XD
0	吳__10	0	0	2017.08.02 星期三17:11	 你要幾點打
0	陳__12	0	0	2017.08.02 星期三17:11	  都可以
0	陳__12	0	0	2017.08.02 星期三17:11	 大概7點吧
0	吳__10	0	0	2017.08.02 星期三17:11	 好啊7點
0	陳__12	0	0	2017.08.02 星期三17:12	 貼圖
0	1__6	0	0	2017.08.02 星期三17:12	 小東
0	陳__12	0	0	2017.08.02 星期三17:12	 嗯？
0	1__6	0	0	2017.08.02 星期三17:12	 如果我們 12點到你家ok吧啊？
0	陳__12	0	0	2017.08.02 星期三17:12	 可以啊
0	陳__12	0	0	2017.08.02 星期三17:12	 我可以去車站接你們XD
0	1__6	0	0	2017.08.02 星期三17:13	 我帶PS4 所以要有車⋯
0	陳__12	0	0	2017.08.02 星期三17:13	 我爸媽都回大陸了 這裡由我指揮
0	陳__12	0	0	2017.08.02 星期三17:13	 沒問題啊
0	1__6	0	0	2017.08.02 星期三17:13	 你開⋯?
0	陳__12	0	0	2017.08.02 星期三17:13	 嘿啊
0	吳__10	0	0	2017.08.02 星期三17:13	 你有駕照哦？
0	1__6	0	0	2017.08.02 星期三17:13	 Benz 耶你
0	陳__12	0	0	2017.08.02 星期三17:14	 有啊
0	陳__12	0	0	2017.08.02 星期三17:14	 我之前都接送我妹上下課啊
0	陳__12	0	0	2017.08.02 星期三17:14	 哈哈
0	吳__10	0	0	2017.08.02 星期三17:14	 準備好到地獄狂歡吧
0	陳__12	0	0	2017.08.02 星期三17:14	 只可惜車頂沒有火焰噴射器XD
0	1__6	0	0	2017.08.02 星期三17:14	 我都不敢動我爸賓士
0	1__6	0	0	2017.08.02 星期三17:14	 貼圖
0	陳__12	0	0	2017.08.02 星期三17:14	 啊我家也沒別的選擇啦
0	陳__12	0	0	2017.08.02 星期三17:14	 不然開BMW也可以
0	陳__12	0	0	2017.08.02 星期三17:15	 那台加速比賓士順很多
0	陳__12	0	0	2017.08.02 星期三17:15	 賓士老了
0	1__6	0	0	2017.08.02 星期三17:15	 哈哈
0	吳__10	0	0	2017.08.02 星期三17:18	 把他點燃吧
0	1__6	0	0	2017.08.02 星期三17:38	 哈？
0	1__6	0	0	2017.08.03 星期四08:35	 小東
0	1__6	0	0	2017.08.03 星期四08:35	 你家 有PS3  遙桿 充電線吧
0	1__6	0	0	2017.08.03 星期四08:35	 ？
0	陳__12	0	0	2017.08.03 星期四09:04	 有啊
0	陳__12	0	0	2017.08.08 星期二10:13	 圖片
0	陳__12	0	0	2017.08.08 星期二10:14	 靠北-19的居然上了XDD
0	吳__10	0	0	2017.08.08 星期二11:09	 貼圖
0	吳__10	0	0	2017.08.08 星期二11:09	 19的？
0	陳__12	0	0	2017.08.08 星期二11:19	 跟去年最低錄取分數比
0	陳__12	0	0	2017.08.08 星期二11:19	 -19
0	陳__12	0	0	2017.08.08 星期二11:19	 結果XD
0	宇__9	0	0	2017.08.08 星期二11:29	 Wow call me學長
0	陳__12	0	0	2017.08.08 星期二11:45	 Fuck you senpai
0	1__6	0	0	2017.08.08 星期二12:10	 恭喜～
0	1__6	0	0	2017.08.08 星期二12:10	 那 約動漫展吧
0	1__6	0	0	2017.08.08 星期二12:10	 10號
0	陳__12	0	0	2017.08.08 星期二12:42	 貼圖
0	(__2	0	0	2017.08.29 星期二09:21	 貼圖
0	(__2	0	0	2017.08.29 星期二09:21	 我現在在台灣看要不要找個時間約
0	陳__12	0	0	2017.08.29 星期二10:25	 約啊 
0	陳__12	0	0	2017.08.29 星期二10:25	 我都有空
0	陳__12	0	0	2017.08.29 星期二10:39	 要不要9/2一起慶祝生日XD
0	陳__12	0	0	2017.08.29 星期二10:40	 剛好在中間
0	宇__9	0	0	2017.08.29 星期二16:36	 Whose birthday
0	陳__12	0	0	2017.08.29 星期二17:14	 我9/1 徐不是9/3？
0	陳__12	0	0	2017.08.29 星期二17:14	 我記得我跟他差兩天
0	(__2	0	0	2017.08.29 星期二22:13	 我是3號啊
0	(__2	0	0	2017.08.29 星期二22:13	 所以其他人有要約嗎
0	陳__12	0	0	2017.08.29 星期二22:14	 我最近都有空
0	陳__12	0	0	2017.08.29 星期二22:15	 其他人別已讀啊
0	宇__9	0	0	2017.08.29 星期二22:20	 我都只有晚上在淡水附近才有空
0	宇__9	0	0	2017.08.29 星期二22:20	 社團有事
0	陳__12	0	0	2017.08.29 星期二22:21	 我覺得也可以
0	陳__12	0	0	2017.08.29 星期二22:21	 因為我之後也會去淡水XD
0	吳__10	0	0	2017.08.29 星期二22:56	 我9/2上班到15:00
0	1__6	0	0	2017.08.29 星期二23:15	 我不会晚上  跑去淡水喔
0	1__6	0	0	2017.08.29 星期二23:15	 來回3小時 又晚上
0	1__6	0	0	2017.08.29 星期二23:15	 星期六日 不ok
0	1__6	0	0	2017.08.29 星期二23:15	 其他都可以
0	1__6	0	0	2017.08.29 星期二23:16	 你們先喬 你們方便的
0	1__6	0	0	2017.08.29 星期二23:16	 我再 看看
0	1__6	0	0	2017.08.29 星期二23:16	 貼圖
0	陳__12	0	0	2017.08.29 星期二23:36	 嗯還是約新店啊？
0	陳__12	0	0	2017.08.29 星期二23:36	 老大社團能不能請一段時間的假？
0	陳__12	0	0	2017.08.29 星期二23:37	 朱跟吳都在新店 老大也住新店只是要社團
0	陳__12	0	0	2017.08.29 星期二23:37	 這樣看下來比較可行的就是請老大喬一下
0	宇__9	0	0	2017.08.29 星期二23:45	 不然就假日
0	宇__9	0	0	2017.08.29 星期二23:45	 這禮拜六
0	宇__9	0	0	2017.08.29 星期二23:46	 沒事...
0	陳__12	0	0	2017.08.29 星期二23:46	 ？
0	陳__12	0	0	2017.08.29 星期二23:46	 .......
0	陳__12	0	0	2017.08.29 星期二23:46	 朱說六日不行
0	宇__9	0	0	2017.08.29 星期二23:46	 2號禮拜幾
0	陳__12	0	0	2017.08.29 星期二23:46	 6
0	陳__12	0	0	2017.08.29 星期二23:46	 不一定要9/2啦
0	陳__12	0	0	2017.08.29 星期二23:47	 時間還沒定
0	陳__12	0	0	2017.08.29 星期二23:47	 要你們都有空的時間去選
0	宇__9	0	0	2017.08.29 星期二23:47	 我現在要騎回新店明天聊
0	陳__12	0	0	2017.08.29 星期二23:47	 好
0	1__6	0	0	2017.08.30 星期三09:08	 六的話 我要下午後
0	1__6	0	0	2017.08.30 星期三09:09	 禮拜天 整天 補托福 沒辦法
0	陳__12	0	0	2017.08.30 星期三10:50	 那這樣好像就沒問題了耶
0	陳__12	0	0	2017.08.30 星期三10:50	 大家9/2晚上都可以吧？
0	1__6	0	0	2017.08.30 星期三11:01	 可
0	陳__12	0	0	2017.08.30 星期三11:19	 貼圖
0	吳__10	0	0	2017.08.30 星期三11:29	 現在還沒有其他安排
0	陳__12	0	0	2017.08.31 星期四21:35	 那這禮拜六要吃什麼？
0	陳__12	0	0	2017.08.31 星期四21:35	 朱應該會想吃吃到飽吧XD
0	1__6	0	0	2017.08.31 星期四22:15	 你真懂我
0	1__6	0	0	2017.08.31 星期四22:15	 貼圖
0	1__6	0	0	2017.08.31 星期四22:15	 500內吧
0	1__6	0	0	2017.08.31 星期四22:16	 永瑞不太喜歡 吃到飽
0	1__6	0	0	2017.08.31 星期四22:16	 看你們 我都可以
0	(__2	0	0	2017.08.31 星期四22:18	 鼎泰豐？
0	陳__12	0	0	2017.08.31 星期四22:34	 鼎泰豐偏貴吧
0	陳__12	0	0	2017.08.31 星期四22:34	 那個對朱來說 要吃飽要1000吧XD
0	1__6	0	0	2017.08.31 星期四23:06	 沒那麼誇張吧⋯
0	1__6	0	0	2017.08.31 星期四23:06	 我印像沒那麼貴啊
0	1__6	0	0	2017.08.31 星期四23:06	 而且我食量大只 大在 吃肉
0	1__6	0	0	2017.08.31 星期四23:06	 飯類的也是 正常量啊
0	1__6	0	0	2017.08.31 星期四23:07	 那個好像止能現場排
0	1__6	0	0	2017.08.31 星期四23:07	 是要去101的那個嗎
0	1__6	0	0	2017.08.31 星期四23:07	 我ok
0	陳__12	0	0	2017.08.31 星期四23:07	 鼎泰豐我記得他一道的分量不多
0	陳__12	0	0	2017.08.31 星期四23:07	 不過你OK的話我也可以
0	1__6	0	0	2017.08.31 星期四23:08	 你們決定
0	1__6	0	0	2017.08.31 星期四23:08	 我真的都ok
0	1__6	0	0	2017.08.31 星期四23:08	 貼圖
0	陳__12	0	0	2017.08.31 星期四23:08	 貼圖
0	陳__12	0	0	2017.08.31 星期四23:09	 老大說他都可以
0	陳__12	0	0	2017.08.31 星期四23:09	 就差吳_10
0	陳__12	0	0	2017.08.31 星期四23:09	 他可以的話星期六晚上就去鼎泰豐
0	陳__12	0	0	2017.08.31 星期四23:10	 看是要6點還6點半
0	吳__10	0	0	2017.08.31 星期四23:27	 我可以
0	陳__12	0	0	2017.08.31 星期四23:28	 貼圖
0	陳__12	0	0	2017.08.31 星期四23:28	 讚
0	陳__12	0	0	2017.08.31 星期四23:28	 那就這樣決定了
0	1__6	0	0	2017.09.01 星期五14:16	 小冬
0	1__6	0	0	2017.09.01 星期五14:16	 借我號
0	1__6	0	0	2017.09.01 星期五14:16	 或著永瑞
0	陳__12	0	0	2017.09.01 星期五14:16	 你登啊
0	1__6	0	0	2017.09.01 星期五14:17	 忘了
0	1__6	0	0	2017.09.01 星期五14:17	 發一下
0	1__6	0	0	2017.09.01 星期五14:17	 感恩
0	1__6	0	0	2017.09.01 星期五14:17	 想到了
0	1__6	0	0	2017.09.01 星期五14:17	 感恩
0	1__6	0	0	2017.09.01 星期五14:18	 XD
0	陳__12	0	0	2017.09.01 星期五14:18	 .........
0	陳__12	0	0	2017.09.01 星期五14:43	 欸朱
0	陳__12	0	0	2017.09.01 星期五14:44	 我現在在台北地下街
0	陳__12	0	0	2017.09.01 星期五14:44	 每隻卑王鐵鎚都才3000欸
0	1__6	0	0	2017.09.01 星期五15:04	 對啊 我 知道
0	1__6	0	0	2017.09.01 星期五15:04	 貼圖
0	陳__12	0	0	2017.09.02 星期六11:23	 各位 今天晚上吃6點的101鼎泰豐喔
0	陳__12	0	0	2017.09.02 星期六11:24	 然後它不能訂位 所以我們可能要早點到候位
0	陳__12	0	0	2017.09.02 星期六17:08	 欸我快到101了
0	吳__10	0	0	2017.09.02 星期六17:12	 你在哪
0	陳__12	0	0	2017.09.02 星期六17:13	 剛從捷運往101走
0	陳__12	0	0	2017.09.02 星期六17:18	 欸你們到了沒？
0	陳__12	0	0	2017.09.02 星期六17:18	 好多人喔
0	宇__9	0	0	2017.09.04 星期一18:09	 朱
0	宇__9	0	0	2017.09.04 星期一18:09	 你有藥丸嗎
0	吳__10	0	0	2017.09.04 星期一18:23	 藍色的？
0	(__2	0	0	2017.09.04 星期一18:25	 我要紅包的💊
0	宇__9	0	0	2017.09.04 星期一18:27	 .
0	1__6	0	0	2017.09.04 星期一18:43	 明天 10:00到 17:00？
0	1__6	0	0	2017.09.04 星期一18:43	 我會吧
0	1__6	0	0	2017.09.04 星期一18:43	 來打 永瑞 跟 徐的號
0	1__6	0	0	2017.09.04 星期一18:44	 可是徐 好像 才17等
0	1__6	0	0	2017.09.04 星期一18:44	 要打到25
0	1__6	0	0	2017.09.04 星期一18:44	 滿麻煩的
0	1__6	0	0	2017.09.09 星期六11:37	 永瑞 或小冬 在嗎
0	1__6	0	0	2017.09.09 星期六11:37	 借下障號
0	陳__12	0	0	2017.09.15 星期五19:36	 圖片
0	吳__10	0	0	2017.09.15 星期五19:39	 貼圖
0	陳__12	0	0	2017.10.26 星期四08:17	 圖片
0	陳__12	0	0	2017.10.26 星期四08:17	 圖片
0	陳__12	0	0	2017.10.26 星期四08:17	 有人想買嗎XD
0	陳__12	0	0	2017.10.26 星期四08:31	 圖片
0	1__6	0	0	2017.10.26 星期四09:35	 奪命我一定買
0	1__6	0	0	2017.10.26 星期四09:36	 源氏我弟會買
0	吳__10	0	0	2017.10.26 星期四10:00	 you have a ninja in your family
0	宇__9	0	0	2017.10.26 星期四10:11	 多少啊
0	1__6	0	0	2017.10.26 星期四10:21	 Fk u pizza XD
0	1__6	0	0	2017.10.26 星期四10:21	 1200吧
0	1__6	0	0	2017.10.26 星期四10:21	 閃光 小美是這個價
0	宇__9	0	0	2017.10.26 星期四22:46	 胖子
0	陳__12	0	0	2017.10.26 星期四22:46	 幹嘛
0	宇__9	0	0	2017.10.26 星期四22:46	 我想要原是的
0	陳__12	0	0	2017.10.26 星期四22:46	 是喔
0	宇__9	0	0	2017.10.26 星期四22:46	 多少
0	陳__12	0	0	2017.10.26 星期四22:47	 我看一下
0	宇__9	0	0	2017.10.26 星期四22:47	 傳網址我看一下原圖
0	陳__12	0	0	2017.10.26 星期四22:47	 1050
0	宇__9	0	0	2017.10.26 星期四22:50	 ...
0	陳__12	0	0	2017.10.26 星期四22:50	 等等
0	陳__12	0	0	2017.10.26 星期四22:50	 https://www.google.com.tw/search?q=%E6%BA%90%E6%B0%8F+%E9%BB%8F%E5%9C%9F%E4%BA%BA&rlz=1CDGOYI_enTW729TW729&hl=zh-TW&prmd=ivmn&source=lnms&tbm=isch&sa=X&ved=0ahUKEwjArJTaxI7XAhUEy7wKHRjjBIcQ_AUIEigB&biw=414&bih=660
0	陳__12	0	0	2017.10.26 星期四22:50	 google就有了
0	陳__12	0	0	2017.10.26 星期四22:51	 目前我看到最便宜的是999
0	陳__12	0	0	2017.10.26 星期四22:51	 看你要不要 我可以幫你訂
0	宇__9	0	0	2017.10.26 星期四22:52	 圖片
0	宇__9	0	0	2017.10.26 星期四22:52	 這種勒
0	陳__12	0	0	2017.10.26 星期四22:52	 那個是figma
0	宇__9	0	0	2017.10.26 星期四22:52	 那啥
0	陳__12	0	0	2017.10.26 星期四22:52	 可動人偶
0	宇__9	0	0	2017.10.26 星期四22:53	 黏土的不能動嗎
0	陳__12	0	0	2017.10.26 星期四22:53	 可以喬你要的姿勢之類的
0	陳__12	0	0	2017.10.26 星期四22:53	 黏土人只能換配件
0	宇__9	0	0	2017.10.26 星期四22:53	 可是黏土的姿勢很多欸
0	陳__12	0	0	2017.10.26 星期四22:53	 手那些的動作不能換
0	宇__9	0	0	2017.10.26 星期四22:53	 要全部收集不是很貴
0	陳__12	0	0	2017.10.26 星期四22:53	 就是配件啊
0	陳__12	0	0	2017.10.26 星期四22:53	 沒
0	陳__12	0	0	2017.10.26 星期四22:53	 都有包含在裡面
0	宇__9	0	0	2017.10.26 星期四22:54	 所以買一組會有幾個人偶
0	陳__12	0	0	2017.10.26 星期四22:54	 你買一個黏土人 裡面會附所有表情跟配件
0	陳__12	0	0	2017.10.26 星期四22:54	 一個
0	宇__9	0	0	2017.10.26 星期四22:54	 可是圖片的動作不只一個
0	陳__12	0	0	2017.10.26 星期四22:54	 但你可以幫他換其他配件的姿勢 拿刀之類的
0	陳__12	0	0	2017.10.26 星期四22:54	 對啊
0	宇__9	0	0	2017.10.26 星期四22:55	 所以可以拆手?
0	陳__12	0	0	2017.10.26 星期四22:55	 假設他今天標準姿勢是手垂下來
0	陳__12	0	0	2017.10.26 星期四22:55	 你可以把手拆掉 換彎曲的手
0	宇__9	0	0	2017.10.26 星期四22:55	 喔喔
0	宇__9	0	0	2017.10.26 星期四22:55	 那我想買figma跟黏土
0	陳__12	0	0	2017.10.26 星期四22:56	 Figma最便宜的要1620
0	陳__12	0	0	2017.10.26 星期四22:56	 黏土人999
0	陳__12	0	0	2017.10.26 星期四22:56	 要幫你訂？
0	宇__9	0	0	2017.10.26 星期四22:57	 是喔
0	陳__12	0	0	2017.10.26 星期四22:57	 Figma明年5月出
0	宇__9	0	0	2017.10.26 星期四22:57	 我看看
0	陳__12	0	0	2017.10.26 星期四22:57	 黏土人6月
0	宇__9	0	0	2017.10.26 星期四22:58	 圖片
0	宇__9	0	0	2017.10.26 星期四22:58	 1400?
0	陳__12	0	0	2017.10.26 星期四22:58	 那隻我看一下
0	陳__12	0	0	2017.10.26 星期四22:59	 對
0	宇__9	0	0	2017.10.26 星期四22:59	 他說有庫存欸
0	陳__12	0	0	2017.10.26 星期四23:00	 有啊
0	陳__12	0	0	2017.10.26 星期四23:00	 你要？
0	宇__9	0	0	2017.10.26 星期四23:00	 恩恩
0	宇__9	0	0	2017.10.26 星期四23:00	 1400
0	陳__12	0	0	2017.10.26 星期四23:00	 要我幫你訂？
0	宇__9	0	0	2017.10.26 星期四23:01	 要
0	宇__9	0	0	2017.10.26 星期四23:02	 炭纖黑
0	1__6	0	0	2017.10.26 星期四23:25	 吼吼 入坑 入坑！
0	1__6	0	0	2017.10.26 星期四23:25	 貼圖
0	1__6	0	0	2017.10.26 星期四23:25	 不錯啊 都買
0	1__6	0	0	2017.10.26 星期四23:42	 這不是 dogma?
0	1__6	0	0	2017.10.26 星期四23:42	 Figma?
0	宇__9	0	0	2017.10.26 星期四23:45	 問胖子
0	陳__12	0	0	2018.01.28 星期日23:53	 欸欸
0	陳__12	0	0	2018.01.28 星期日23:54	 明天有人要去電玩展？
0	1__6	0	0	2018.01.29 星期一00:18	 沒XD
0	吳__10	0	0	2018.01.29 星期一11:54	 啊啊週六去的⋯
0	吳__10	0	0	2018.01.29 星期一11:55	 好多吃雞
0	陳__12	0	0	2018.01.29 星期一15:28	 貼圖
0	陳__12	0	0	2018.02.02 星期五15:12	 各位 下禮拜要聚聚嗎？
0	宇__9	0	0	2018.02.02 星期五15:45	 啥時
0	陳__12	0	0	2018.02.02 星期五15:46	 看你們什麼時候有空啊
0	吳__10	0	0	2018.02.02 星期五16:57	 要去哪啊
0	陳__12	0	0	2018.02.02 星期五16:58	 我家XD
0	陳__12	0	0	2018.02.02 星期五16:58	 或是你們有誰想去哪
0	陳__12	0	0	2018.02.02 星期五16:58	 也可以
0	吳__10	0	0	2018.02.02 星期五16:58	 我下週平日得去實驗室欸⋯
0	吳__10	0	0	2018.02.02 星期五16:58	 你們呢
0	陳__12	0	0	2018.02.02 星期五16:58	 哪尼
0	陳__12	0	0	2018.02.02 星期五16:58	 我是都沒事啦
0	陳__12	0	0	2018.02.02 星期五16:58	 不是寒假嗎？
0	宇__9	0	0	2018.02.02 星期五19:10	 我可能沒空哈哈哈哈
0	宇__9	0	0	2018.02.02 星期五19:10	 幹越來越難約
0	宇__9	0	0	2018.02.02 星期五19:10	 胖子你太閒了
0	宇__9	0	0	2018.02.02 星期五19:11	 要不要報名講座
0	宇__9	0	0	2018.02.02 星期五19:11	 我這邊有
0	陳__12	0	0	2018.02.02 星期五19:12	 什麼講座
0	吳__10	0	0	2018.02.02 星期五19:12	 幹沒空還來廣告
0	陳__12	0	0	2018.02.02 星期五19:12	 XD
0	宇__9	0	0	2018.02.02 星期五19:13	 增進一些能力像是講話，自信領導
0	陳__12	0	0	2018.02.02 星期五19:13	 ........
0	陳__12	0	0	2018.02.02 星期五19:14	 不了XD
0	宇__9	0	0	2018.02.02 星期五19:16	 不愧是胖子
0	宇__9	0	0	2018.02.02 星期五22:29	 胖子
0	陳__12	0	0	2018.02.02 星期五22:35	 ？
0	宇__9	0	0	2018.02.04 星期日22:24	 地震晚點名
0	吳__10	0	0	2018.02.04 星期日22:53	 震
0	1__6	0	0	2018.02.05 星期一00:17	 滿大的
0	1__6	0	0	2018.02.06 星期二23:55	 幹 超大
0	陳__12	0	0	2018.02.06 星期二23:55	 嚇死
0	宇__9	0	0	2018.02.06 星期二23:55	 地震晚點名
0	宇__9	0	0	2018.02.06 星期二23:56	 1
0	1__6	0	0	2018.02.06 星期二23:58	 靠 會怕 有陰影
0	陳__12	0	0	2018.02.07 星期三00:06	 剛超晃
0	(__2	0	0	2018.02.07 星期三06:46	 所以大家都沒事？？？
0	陳__12	0	0	2018.02.07 星期三08:34	 靠北喔
0	吳__10	0	0	2018.02.07 星期三09:12	 幹有地震哦
0	吳__10	0	0	2018.02.07 星期三09:12	 我睡死欸
0	宇__9	0	0	2018.02.07 星期三10:03	 震
0	(__2	0	0	2018.02.07 星期三10:19	 沒事就好
0	陳__12	0	0	2018.02.07 星期三10:20	 只有我覺得你打三個問號的口氣不是單純關心嗎？
0	(__2	0	0	2018.02.07 星期三10:22	 不然呢
0	陳__12	0	0	2018.02.07 星期三10:23	 這不像我認識的你
0	(__2	0	0	2018.02.07 星期三10:23	 我習慣打3個問號或驚嘆號
0	陳__12	0	0	2018.02.07 星期三10:23	 貼圖
0	(__2	0	0	2018.02.07 星期三10:25	 貼圖
0	宇__9	0	0	2018.02.07 星期三10:33	 87胖子
0	1__6	0	0	2018.02.07 星期三10:46	 沒事謝謝 但最近好多地震啊
0	宇__9	0	0	2018.02.07 星期三23:23	 地震晚點名
0	1__6	0	0	2018.02.07 星期三23:32	 一週4次
0	1__6	0	0	2018.02.07 星期三23:33	 貼圖
0	1__6	0	0	2018.02.07 星期三23:33	 貼圖
0	1__6	0	0	2018.02.10 星期六13:07	 嘿 廖 永瑞 明天 小東家 來不
0	宇__9	0	0	2018.02.10 星期六13:19	 沒空欸
0	宇__9	0	0	2018.02.10 星期六13:19	 我在新竹
0	1__6	0	0	2018.02.10 星期六14:29	 恩
0	(__2	0	0	2018.02.10 星期六14:38	 不然來找我？
0	陳__12	0	0	2018.02.10 星期六14:47	 你在林口？
0	(__2	0	0	2018.02.10 星期六14:47	 沒有啊，就說說而已哈哈
0	陳__12	0	0	2018.02.10 星期六15:44	 貼圖
0	1__6	0	0	2018.02.10 星期六17:11	 ⋯
0	吳__10	0	0	2018.02.10 星期六17:14	 我接下來都可
0	陳__12	0	0	2018.02.10 星期六17:14	 明天我們約台北
0	陳__12	0	0	2018.02.10 星期六17:15	 看要去你那或朱那都可以
0	吳__10	0	0	2018.02.10 星期六17:15	 你們要約台北？
0	陳__12	0	0	2018.02.10 星期六17:15	 呃 我還沒跟他說
0	陳__12	0	0	2018.02.10 星期六17:15	 不過我等等要回淡水
0	陳__12	0	0	2018.02.10 星期六17:15	 約台北比較方便
0	吳__10	0	0	2018.02.10 星期六17:16	 我等等要回桃園欸
0	陳__12	0	0	2018.02.10 星期六17:16	 靠XD
0	陳__12	0	0	2018.02.10 星期六17:16	 那約桃園吧
0	吳__10	0	0	2018.02.10 星期六17:16	 可是老大不行
0	陳__12	0	0	2018.02.10 星期六17:17	 他應該是喬不出時間
0	陳__12	0	0	2018.02.10 星期六17:17	 我們約就好
0	吳__10	0	0	2018.02.10 星期六17:36	 那要幾點呀
0	陳__12	0	0	2018.02.10 星期六17:37	 可以約中午
0	吳__10	0	0	2018.02.10 星期六17:38	 嗯嗯
0	1__6	0	0	2018.02.10 星期六19:38	 我以為要去你家？
0	1__6	0	0	2018.02.10 星期六19:38	 我都可
0	陳__12	0	0	2018.02.10 星期六19:38	 要來也是可以啦
0	陳__12	0	0	2018.02.10 星期六19:39	 只是我家很亂XD
0	陳__12	0	0	2018.02.10 星期六19:39	 剛好吸塵器壞了
0	陳__12	0	0	2018.02.10 星期六19:39	 沒辦法打掃
0	1__6	0	0	2018.02.10 星期六19:39	 哈哈
0	1__6	0	0	2018.02.10 星期六19:39	 沒掃把！？
0	陳__12	0	0	2018.02.10 星期六19:39	 應該有
0	1__6	0	0	2018.02.10 星期六19:39	 我可以住 可以幫你掃
0	陳__12	0	0	2018.02.10 星期六19:40	 不用啦XD
0	1__6	0	0	2018.02.10 星期六19:40	 或著 當天來回 約外面
0	1__6	0	0	2018.02.10 星期六19:40	 隨便
0	陳__12	0	0	2018.02.10 星期六19:40	 明天回去再大掃除
0	1__6	0	0	2018.02.10 星期六19:40	 看你
0	吳__10	0	0	2018.02.10 星期六22:03	 咦那明天要去桃園小東家嗎
0	1__6	0	0	2018.02.10 星期六22:10	 桃園小東 是哪里 lv 几的野王嗎⋯
0	1__6	0	0	2018.02.10 星期六22:10	 掉啥裝
0	1__6	0	0	2018.02.10 星期六22:10	 貼圖
0	吳__10	0	0	2018.02.10 星期六22:15	 掉個典藏版虛空之遺我考慮帶團刷他
0	吳__10	0	0	2018.02.10 星期六22:15	 認真啦要去哪找你們
0	陳__12	0	0	2018.02.10 星期六22:37	 12點桃園車站？
0	吳__10	0	0	2018.02.10 星期六22:54	 豪
0	1__6	0	0	2018.02.10 星期六23:11	 恩
0	陳__12	0	0	2018.02.10 星期六23:17	 貼圖
0	吳__10	0	0	2018.02.12 星期一20:15	 https://gartic.io/032DI
0	吳__10	0	0	2018.02.12 星期一20:19	 https://gartic.io/035y9
0	宇__9	0	0	2018.02.12 星期一21:33	 It’s bored 
0	宇__9	0	0	2018.02.12 星期一21:33	 I mean boring 
0	宇__9	0	0	2018.02.12 星期一21:33	 If we are not tot
0	宇__9	0	0	2018.02.12 星期一21:33	 Together 
0	陳__12	0	0	2018.02.23 星期五18:33	 圖片
0	陳__12	0	0	2018.02.23 星期五18:33	 好喔XDD
0	吳__10	0	0	2018.02.23 星期五19:34	 貼圖
0	宇__9	0	0	2018.02.23 星期五22:16	 所以小東的血比我多
0	陳__12	0	0	2018.02.23 星期五22:32	 貼圖
0	1__6	0	0	2018.02.23 星期五23:42	 京站
0	1__6	0	0	2018.02.23 星期五23:43	 圖片
0	1__6	0	0	2018.02.23 星期五23:43	 9:00前到北車
0	1__6	0	0	2018.02.24 星期六02:14	 ？
0	1__6	0	0	2018.02.24 星期六02:15	 喔靠
0	1__6	0	0	2018.02.24 星期六02:15	 錯頻
0	宇__9	0	0	2018.08.11 星期六19:50	已收回訊息
0	宇__9	0	0	2018.08.11 星期六19:52	已收回訊息
0	宇__9	0	0	2018.11.17 星期六10:34	 12月有沒有人要吃一蘭
0	吳__10	0	0	2018.11.17 星期六10:39	 ㄘ啊
0	1__6	0	0	2018.11.17 星期六11:52	 信義嗎👌
0	陳__12	0	0	2018.11.17 星期六15:27	 走啊 好久沒見了
0	1__6	0	0	2018.11.17 星期六15:50	 我說 重
0	1__6	0	0	2018.11.17 星期六15:50	 差不多能把群組頭像 換回小東躺沙發的了吧
0	吳__10	0	0	2018.11.17 星期六15:51	 我覺得現在的很棒啊
0	陳__12	0	0	2018.11.17 星期六15:58	 嗯？我看還是我那張啊
0	陳__12	0	0	2018.11.17 星期六15:58	 你們換成什麼了
0	1__6	0	0	2018.11.17 星期六16:10	 換成我 跟永瑞 看書 睡著的照片了
0	1__6	0	0	2018.11.17 星期六16:10	 乾
0	陳__12	0	0	2018.11.17 星期六16:10	 為啥我這邊沒看到
0	1__6	0	0	2018.11.17 星期六16:10	 有次在我家樓下看書拍的
0	陳__12	0	0	2018.11.17 星期六16:10	 可惜
0	1__6	0	0	2018.11.17 星期六16:10	 😂
0	1__6	0	0	2018.11.17 星期六16:11	 不然就是下次 再拍一個 我跟小東以外的人
0	1__6	0	0	2018.11.17 星期六16:11	 放一年
0	1__6	0	0	2018.11.17 星期六16:11	 再下一個人
0	陳__12	0	0	2018.11.17 星期六16:11	 該老大了
0	1__6	0	0	2018.11.17 星期六16:11	 如果這群組能活個 20幾年的話
0	陳__12	0	0	2018.11.17 星期六16:11	 大概
0	1__6	0	0	2018.11.17 星期六16:11	 以後回來看 會覺得很有記念價值
0	1__6	0	0	2018.11.17 星期六17:43	已將Kevin Chu退出群組。
0	宇__9	0	0	2018.11.17 星期六22:00	 那我再約你們
0	宇__9	0	0	2018.12.06 星期四03:07	 影片
0	宇__9	0	0	2018.12.06 星期四03:07	 圖片
0	宇__9	0	0	2018.12.06 星期四03:12	 這麼晚不睡應該是小東
0	宇__9	0	0	2018.12.06 星期四03:12	 或是徐
0	(__2	0	0	2018.12.06 星期四03:12	 是我
0	宇__9	0	0	2018.12.06 星期四03:12	 你在台灣嗎
0	(__2	0	0	2018.12.06 星期四03:16	 還沒20號
0	宇__9	0	0	2018.12.08 星期六10:09	 啊你們平日晚上有空嗎
0	宇__9	0	0	2018.12.08 星期六10:09	 還是一定要假日
0	吳__10	0	0	2018.12.08 星期六10:14	 我禮拜三禮拜四晚上不行
0	吳__10	0	0	2018.12.08 星期六10:14	 然後我21號晚上不行
0	1__6	0	0	2018.12.08 星期六10:39	 星期四晚上有時侯會有考試 星期一晚上鋼琴
0	1__6	0	0	2018.12.08 星期六10:39	 其他天 跟假日 都ok
0	陳__12	0	0	2018.12.08 星期六10:47	 禮拜五晚上不能
0	宇__9	0	0	2018.12.08 星期六12:38	 詠睿你假日會回新店嗎
0	吳__10	0	0	2018.12.08 星期六12:39	 通常都在學校
0	宇__9	0	0	2018.12.08 星期六12:40	已收回訊息
0	宇__9	0	0	2018.12.08 星期六12:40	 阿你們12/23可不可以
0	(__2	0	0	2018.12.08 星期六12:40	 我可以我可以
0	陳__12	0	0	2018.12.08 星期六12:40	 應該可以
0	吳__10	0	0	2018.12.08 星期六12:41	 我那個週末回桃園欸
0	宇__9	0	0	2018.12.08 星期六12:41	 ...
0	宇__9	0	0	2018.12.08 星期六12:41	 確定 的喔
0	吳__10	0	0	2018.12.08 星期六12:41	 你們要在台北嗎
0	宇__9	0	0	2018.12.08 星期六12:41	 對阿
0	宇__9	0	0	2018.12.08 星期六12:41	 要吃一籃
0	宇__9	0	0	2018.12.08 星期六12:41	 我想吃一籃
0	宇__9	0	0	2018.12.08 星期六12:41	 哈哈
0	陳__12	0	0	2018.12.08 星期六12:41	 .......
0	吳__10	0	0	2018.12.08 星期六12:41	 哦禮拜天應該可以
0	陳__12	0	0	2018.12.08 星期六12:42	 一蘭座位不是隔間？
0	宇__9	0	0	2018.12.08 星期六12:42	 對阿
0	陳__12	0	0	2018.12.08 星期六12:42	 幹 那我們出來不聊天？
0	宇__9	0	0	2018.12.08 星期六12:42	 87喔吃完可以聊阿
0	宇__9	0	0	2018.12.08 星期六12:42	 看個電影
0	宇__9	0	0	2018.12.08 星期六12:42	 之類的
0	陳__12	0	0	2018.12.08 星期六12:42	 87喔吃東西就能聊了
0	陳__12	0	0	2018.12.08 星期六12:42	 我們出來不是為了吃東西欸
0	宇__9	0	0	2018.12.08 星期六12:43	 阿吃飯錢吃飯後都可以聊阿
0	陳__12	0	0	2018.12.08 星期六12:43	 貼圖
0	宇__9	0	0	2018.12.08 星期六12:43	 吃飯的時候也可以聊阿
0	宇__9	0	0	2018.12.08 星期六12:43	 如果坐在隔壁的話
0	陳__12	0	0	2018.12.08 星期六12:43	 沒fu
0	宇__9	0	0	2018.12.08 星期六12:43	 阿不然就吃兩餐妹
0	宇__9	0	0	2018.12.08 星期六12:44	 你說呢胖子
0	宇__9	0	0	2018.12.08 星期六12:44	 胖子不要不獨
0	陳__12	0	0	2018.12.08 星期六12:45	 靠北 這麼想吃一蘭？
0	宇__9	0	0	2018.12.08 星期六12:45	 不行喔
0	宇__9	0	0	2018.12.08 星期六12:45	 ?
0	宇__9	0	0	2018.12.08 星期六12:45	 ??
0	陳__12	0	0	2018.12.08 星期六12:45	 不行
0	宇__9	0	0	2018.12.08 星期六12:45	 ???
0	宇__9	0	0	2018.12.08 星期六12:45	 ????
0	宇__9	0	0	2018.12.08 星期六12:45	 阿不然你想吃三小
0	宇__9	0	0	2018.12.08 星期六12:45	 ?
0	陳__12	0	0	2018.12.08 星期六12:45	 大家一起吃的
0	宇__9	0	0	2018.12.08 星期六12:45	 吃火鍋好了
0	陳__12	0	0	2018.12.08 星期六12:45	 分開坐很沒有出來吃飯的感覺啊
0	(__2	0	0	2018.12.08 星期六12:46	 海底撈
0	陳__12	0	0	2018.12.08 星期六12:46	 各吃各的
0	宇__9	0	0	2018.12.08 星期六12:46	 不要
0	宇__9	0	0	2018.12.08 星期六12:46	 太貴了
0	宇__9	0	0	2018.12.08 星期六12:46	 吃飯預算五百
0	宇__9	0	0	2018.12.08 星期六12:46	 以內
0	陳__12	0	0	2018.12.08 星期六12:46	 你吃五百啊
0	宇__9	0	0	2018.12.08 星期六12:46	 阿你出來只要吃飯?
0	陳__12	0	0	2018.12.08 星期六12:46	 剩下我們吃
0	宇__9	0	0	2018.12.08 星期六12:46	 拉基
0	陳__12	0	0	2018.12.08 星期六12:46	 A_A
0	宇__9	0	0	2018.12.08 星期六12:47	 你出來除了吃飯要幹嘛
0	(__2	0	0	2018.12.08 星期六12:47	 Mono
0	(__2	0	0	2018.12.08 星期六12:47	 Momo*
0	陳__12	0	0	2018.12.08 星期六12:47	 那個時候有電影？
0	宇__9	0	0	2018.12.08 星期六12:47	 電影啥時都有吧
0	宇__9	0	0	2018.12.08 星期六12:47	 徐
0	陳__12	0	0	2018.12.08 星期六12:47	 我意思是好看的
0	宇__9	0	0	2018.12.08 星期六12:47	 你不想吃一欄嗎
0	宇__9	0	0	2018.12.08 星期六12:47	 不知道
0	(__2	0	0	2018.12.08 星期六12:48	 我都可以阿
0	宇__9	0	0	2018.12.08 星期六12:48	 ㄟ出來玩的重點是團聚不是看好看的電影
0	宇__9	0	0	2018.12.08 星期六12:49	 胖子
0	(__2	0	0	2018.12.08 星期六12:49	 小東不是想吃坐在一起的？
0	宇__9	0	0	2018.12.08 星期六12:49	 對阿
0	宇__9	0	0	2018.12.08 星期六12:49	 我只能再找別人吃
0	陳__12	0	0	2018.12.08 星期六12:49	 電影是看完有話聊
0	陳__12	0	0	2018.12.08 星期六12:49	 看你啊
0	宇__9	0	0	2018.12.08 星期六12:50	 阿你們比較想吃晚餐還是午餐
0	(__2	0	0	2018.12.08 星期六12:50	 我21號後可以跟你吃
0	宇__9	0	0	2018.12.08 星期六12:50	 可以啊可能晚上吧
0	宇__9	0	0	2018.12.08 星期六12:51	 要再看看
0	宇__9	0	0	2018.12.08 星期六12:51	 午餐還是晚餐?
0	宇__9	0	0	2018.12.08 星期六12:51	 胖子徐永瑞豬
0	(__2	0	0	2018.12.08 星期六12:52	 晚餐吧
0	陳__12	0	0	2018.12.08 星期六12:58	 我都可以
0	陳__12	0	0	2018.12.08 星期六12:58	 午餐的好處是下午可以看電影
0	陳__12	0	0	2018.12.08 星期六12:58	 然後接晚餐
0	宇__9	0	0	2018.12.08 星期六13:20	 其他人呢
0	(__2	0	0	2018.12.08 星期六13:21	 我可以
0	宇__9	0	0	2018.12.08 星期六13:22	 啊你不是回答過了
0	吳__10	0	0	2018.12.08 星期六13:29	 可以呀
0	1__6	0	0	2018.12.08 星期六13:43	 12/23 決定了嗎
0	1__6	0	0	2018.12.08 星期六13:43	 我等等確定下
0	1__6	0	0	2018.12.08 星期六13:43	 👍
0	1__6	0	0	2018.12.08 星期六13:50	 23可以
0	宇__9	0	0	2018.12.09 星期日00:01	 那就午餐吧
0	宇__9	0	0	2018.12.09 星期日00:01	 永銳你要不要回新店縣吃早餐
0	宇__9	0	0	2018.12.09 星期日00:02	 先
0	吳__10	0	0	2018.12.09 星期日09:49	 nope
0	吳__10	0	0	2018.12.09 星期日09:50	 我那天應該從桃園過來
