[weather, news]	查看汕头天气 讯飞语音我想知道山东省东营市今天的新闻。
[cookbook, website]	土豆饼怎么做啊？ 看网易财经
[map, chat]	到郑州火车站 唠什么
[app, message]	﻿打开熊猫看书 发信息给董昊老婆
[website, chat]	打开索尼官方网站 怎么不懂讲晚安呢
[chat, video]	能想起我吗 换到米老鼠
[cookbook, video]	茄子鸡蛋怎么做？ 情景剧电视剧
[chat, cookbook]	你的性格怎么样 辣酸菜鱼怎么做了。
[epg, poetry]	前两个星期时代出行有播X女特工呢 搜搜一首毛泽东的诗。
[health, app]	怎么治疗口腔溃疡呃呃呃 打开天天动听并开始播放音乐
[cookbook]	鱼香肉丝，怎么做得？ 如何煮牛肉饭。
[cookbook, music]	简单的，糖醋排骨怎么做？ 我想听莫失莫忘。
[bus, video]	从西安到石嘴山的汽车票。 最近有什么好看电影了？
[email, stock]	我要写条新邮件 中国银行股票怎么样
[chat]	你怎么不害羞呀 这个新闻有意思吗
[chat, music]	长了什么? 我想听想唱就唱
[app, news]	打开天天动听播放站你名下 钓鱼岛事件。
[telephone, video]	打电话给摩托老师 90年代林心如演的电视剧
[music, news]	王菲传奇。 总计今天的新闻。
[translation, cookbook]	我不吃英文怎么讲 帮我查一下红烧肉的做法
[music, chat]	来一首解脱 什么东西
[video, flight]	好无聊哇有什么好看的电影 帮我订一张杭州到上海的机票
[flight, video]	查询4月1号从武汉到广州的航班 我的爱金枝玉叶
[lottery, match]	查看七乐彩的得奖号码 中超A组比赛结果分别是多少
[tvchannel, chat]	调到新疆综艺 你知道水吗
[map, website]	帮我查一下合肥市三孝口在哪里 打开河南英东网站
[train, stock]	潜山到福州的火车 中水渔业的股票
[cookbook]	虾炒蛋怎么做？ 给我讲个笑话吧，鱼香肉丝怎么做？
[flight, match]	青岛到广州航班 北京国安的赛程。
[app, video]	下载汉化软件 五号特工组
[tvchannel, poetry]	打开江苏卫视 来一首纳兰性德的词。
[cookbook, train]	蛋糕可以做蛋糕吗？ 帮我查一下广州到深圳的火车
[tvchannel, cookbook]	在线观看中央七套 甜酒怎么做？
[telephone, match]	呼叫鹏鹏 中超比赛结果，今天呢？
[website, stock]	我要上网打开百度 章源钨业
[chat]	从哪回来 你不是人吧我怎么觉得你是人呢
[lottery, telephone]	本期七星彩的中奖号码是多少？ 呼叫a 二小姐
[music, message]	给我放首歌 发信息给老婆说我不回家吃饭了
[tvchannel, chat]	北京财经台 什么跌了
[epg]	能不能看当前的中超联赛 前两个星期时代出行有播X女特工呢
[chat, message]	散货演绎的作者是谁？ 给刘西发短信
[chat]	在哪吃 你喜欢有钱人吗
[contacts, chat]	新建联系人18622625490 白天干什么
[stock, flight]	查询三一重工股票 从威海到苏州的飞机
[music, translation]	我想听忐忑这首歌打 当前不再呼叫英语怎么说
[map, weather]	南京火车站到南京农业大学 明天泸州天气如何
[video, epg]	播放特种兵之利刃出鞘 湖南卫视娱乐节目。
[news, chat]	总计今天的新闻。 你说啥了
[news, cookbook]	告诉我今天的新闻内容 鱼香肉丝，怎么做得？
[lottery, cookbook]	帮我查一下上一期的大乐透 恒宇乐活鱼怎么做的好吃的回复哦，你。
[train, contacts]	广州到孝感的火车 新建联系人王满秀幺三七 六四零七零二九五
[message, cinemas]	发送短信给陈群 搜索一下热门电影。
[chat, flight]	哈哈哈干什么也想你到底是不是本 济南到汉中的飞机票
[chat]	如果遇见狼呢小马还会让狼上车吗 有什么好听的歌
[cookbook, music]	罐焖牛肉怎么做？ 想听牵手这首歌
[cookbook, music]	西红柿炒鸡蛋做法。 来首快乐崇拜
[app, health]	打开应用程序钱包 宫外孕怎么办？
[health, epg]	发烧。 现在电视台在播什么
[chat, stock]	谁的尾巴短短的 腾讯股票昨日收盘价
[chat, poetry]	你有什么特长 来is，来一首采莲。
[chat, cookbook]	这是啥啊 啊，青椒炒蛋。
[chat, cookbook]	你早上几点钟起床 久久鸭怎么做？
[chat, message]	你平时吃什么 给谢小培发短信今晚一起吃饭
[chat, telephone]	你是男机器人还是女机器人 打电话给幺三二三五六二零二五五
[tvchannel, chat]	海南旅游卫视 你是男是女还是人妖
[tvchannel, message]	浙江电视台 发信息给董昊老婆
[translation, tvchannel]	翻译一下明天我跳河自杀 我要看下中央六套
[radio, map]	请帮我调频89.6武汉交通广播电台 从我这里到科大讯飞走高速路线
[app, video]	搜狗 刘三姐
[weather, music]	扬州天气 放一首其实我介意
[chat]	周末去哪玩 那你喜欢做机器人么
[chat]	和配么 都有啥啊
[train, cookbook]	湖北荆州到黄石的火车 炒鸡蛋，需要，哪些材料？
[cookbook, bus]	福寿鱼做法。 从中山到西安的汽车。
[video, tvchannel]	中国最强音 我要看c c t v一
[weather]	后天什么天气 我想知道深圳明天的天气
[message, cookbook]	给张金波发短消息今天中午一起吃饭 白切鸡怎么做啊？
[chat, epg]	我帮妈妈洗什么 现在最好看的电影。
[weather]	郑州天气怎么样 呼和浩特的天气怎么样呢
[app, telephone]	瓷我要上QQ 给张张打电话
[cookbook, poetry]	海星的做法。 张，来首白居易的诗。
[chat, train]	不多不要紧都会什么 查询昆明到合肥的火车
[poetry, cookbook]	诗词满江红。 简单的，糖醋排骨怎么做？
[chat, map]	你忍心吗 昆山大润发在哪里
[epg, chat]	现在电视台在播什么 你是不是啥
[poetry, telephone]	唐诗登高。 幺三五八四四七零五零二
[cookbook, video]	瘦肉粥。 最美的时光
[chat, telephone]	笨笨真的会聊天吗 拨打幺零零八六一一
[website, epg]	进入三w点百度点com 河南卫视节目单。
[lottery, poetry]	看看大乐透的得奖号码 仓央嘉措的诗词。
[news, music]	今天有什么军事新闻 放首歌听一下你好
[chat, app]	我觉得什么 打开uc浏览器
[chat]	哪里有小猫 能介绍一下吗
[translation, chat]	我想打你英语怎么说 谁在雪里跑
[translation, stock]	帮我翻译一下番茄 查询海螺水泥的股票
[contacts, cookbook]	新建联系人天天 猪肚鸡怎么做啊？
[poetry, video]	分手时，背一首诗吧？ 看千金归来第五集
[poetry, tvchannel]	各来一首李白的诗词。 我想看高尔夫网球频道
[music, app]	播放郁可唯的歌 百度百科
[message, news]	给秦丽香发信息 我要听新闻，给我数。
[website, tvchannel]	打开网页小米论坛 我想看高尔夫网球频道
[chat, translation]	哪去 大家今天心情如何用英语怎么说
[telephone, cookbook]	幺三零二三八四七三四二 甜酒怎么做？
[lottery, radio]	查看大乐透玩法的开奖 麻烦您能否帮我调频97.1汉中音乐广播电台
[video, cookbook]	看中国好声音 孙翠鱼怎么做？
[cookbook, flight]	做鱼怎么做？ 八月十一日从厦门飞往上海的航班
[chat, epg]	蛋糕好吃吗 chc高清电影昨天晚上的节目
[bus, video]	﻿怎么坐车去广州？ 死亡复生
[chat, tvchannel]	你听说过这句名言吗 打开珠江台
[match, chat]	国足最新赛程。 你的性格怎么样
[message, health]	发短信给姐姐说晚上一起吃面条 肠易激综合征。
[video, novel]	我的爱金枝玉叶 查找校园小说沙漏第二部
[message, cinemas]	发信息给健美 找下最近最热播的电影。
[datetime, video]	还有多少天过年 甄嬛传高清
[tvchannel, message]	高清江苏 给张金波发短消息今天中午一起吃饭
[novel, website]	我要看灵异推理小说 新蛋网
[riddle, website]	讲一个谜语，啊，你，哦。 我要打开百度
[website, health]	打开4399小游戏 怎么治疗牛皮癣
[chat, translation]	这不是你的名字吗😂 出租车的英文怎么说
[flight, calc]	八月十一日从厦门飞往上海的航班 4乘6乘七再除以二
[stock, novel]	腾讯股票昨日收盘价 搜索小说校园全能高手。
[message, chat]	给原波发短信 嗯我帮你啥
[epg, video]	书画频道上周六有开始非诚勿扰么 找一下詹姆斯卡梅隆拍的电影
[music, map]	我想听想唱就唱 帮我搜一下科大讯飞在哪
[lottery, chat]	双色球的开奖号码是多少？ 完了你和多了你在哪里自己都不知道咯
[chat, tvchannel]	可什么爱我在骂你好吗 打开浦口新闻综合频道
[cookbook, chat]	炒豆腐。 我在想怎么回去比较好
[video, cookbook]	播七龙珠 鱼香肉丝，怎么做得？
[message, chat]	发短信给上海浦东发展银行　95528 为什么你是机器人
[video, datetime]	武间道 明天上午9点距离现在还有多久
[cookbook, schedule]	培根金针菇怎么做？ 帮我设定8:10的闹钟。
[cookbook]	做红酒怎么做啊？ 阳澄湖大闸蟹的做法。
[website, cinemas]	激动 查找卢米埃银泰电影院有播放什么好看的电影吗
[chat, map]	你学什么的？ 从连云港到北京该怎么走
[chat]	你有牙吗 我看你还是不太行
[chat, poetry]	你怎么样会开心 不是花中偏爱菊的下一句是什么？
[app, chat]	打开系统软件清理 你怎么总是失误
[message, email]	给许浩发一条短信 我想写一个新邮件
[epg, cookbook]	影视频道有什么节目 肉肉怎么腌制？
[website, cookbook]	打开杜鑫文的网站 酸菜鱼怎么煮啊？
[cookbook, novel]	葱烧海参怎么做 我要看免费的小说。
[video, chat]	蓝精灵电影 笨笨你的底层是基于什么算法啊
[stock, match]	中国太保股票 广州恒大亚冠联赛，比赛时间。
[message, chat]	发短信给啊妈说车票买到了 叶哲是你的谁
[chat, flight]	你知道什么的什么是什么吗 请查询一下深圳飞往上海的航班
[chat]	你愿意做娟的女朋友吗 有体育方面的吗
[chat, telephone]	你现在在哪 给小鱼打电话
[chat, cookbook]	哎你好我的梦想是什么 咖喱牛腩怎么做
[epg, chat]	搜索湖南卫视直播。 这么多回答不了的问题
[video, chat]	动画片巴啦啦小魔仙 吃完饭之后干什么
[chat, poetry]	你的好朋友是谁 家，背首沁园春雪。
[chat]	我国是谁 学什么
[chat, poetry]	笨笨为什么不叫聪聪 查一首古诗，武林春。
[cookbook, epg]	青椒肉丝怎么做怎么炒？ 熊出没是几点开始播放。
[tvchannel, cinemas]	高清深圳台 电影院有什么电影？
[bus, map]	合肥到上海可以到哪坐车？ 从观音桥到重庆市图书馆怎么走
[poetry, chat]	那你给我背一首唐诗吧！ 你能干嘛？
[match, train]	中超比赛时间，我。 帮我查一下赣州到南昌的火车票
[match, telephone]	中超比赛时间多少啊？ 给木九超打电话
[poetry, video]	我背一下春晓。 我想看大武当电影
[news]	今天杭州有什么新闻 今天有什么军事新闻
[cookbook, chat]	火腿肠怎么炒好吃 干嘛去？
[chat, calc]	能介绍一下吗 十二与32的积是多少
[news, schedule]	有什么重要新闻吗？ 明天早晨8:10的闹钟。
[weather, cookbook]	明天天气如何 嘉兴粽子。
[cookbook]	猪肉灌汤包怎么做？ 炒豆腐。
[novel, poetry]	我要看唐家三少写的玄幻小说绝世唐门 古诗长恨歌。
[bus, map]	长沙到怀化的汽车。 到薛城区怎么走
[music, datetime]	放一首音乐给我听 多少月之后就是过年了
[video, datetime]	那么最近有什么好电影呢？ 多少月之后就是过年了
[video, flight]	热血动漫 济南到重庆的航班。
[message, chat]	给王帅发个短信说他让他起来尿尿 李亚丽的工作是什么
[stock, epg]	永辉超市股份的价格 电影频道明天放什么
[cookbook]	银耳莲子羹。 草虾尾怎样做。
[chat]	你玩什么游戏打野 那你现在可以干啥
[weather, music]	好今天天气怎么样 放一首其实我介意
[flight, schedule]	大连飞往上海的航班 晚上8:10叫我起床。
[telephone, chat]	给木九超打电话 那那个什么你真是好可爱的小猫呀
[cinemas, stock]	搜索合肥左岸国际电影城。 查询濮耐股份的股票
[chat, stock]	你喜欢什么类型的女人 讯飞科技股票价格
[train, weather]	查一下合肥到淮南明天的火车 巴中的天气
[music, cookbook]	放歌，天亮了。 你酸辣土豆丝怎么做？
[website, cookbook]	打开三g门户网站 怎么样？做红烧肉。
[music, chat]	给我来首好听的音乐 我不确定具体啥时间去呢
[schedule, video]	晚上8:10叫我起床。 13年的电影
[video, radio]	胜者即是正义 本省农村广播
[cookbook, video]	瞌睡鱼怎么做？ 喜羊羊与灰太
[stock, music]	煤炭板块股票查询 我听首歌
[website, cookbook]	请打开八六八四 帮我查一下可乐鸡翅怎么做？
[datetime, cookbook]	明天上午9点距离现在还有多久 麻辣烫做法。
[email, cookbook]	帮我写一条新邮件 草虾尾怎样做。
[email, epg]	帮我转发邮件 查查13年的一站到底
[chat, music]	有啥好吃 放一首音乐给我听
[telephone, flight]	打石宝电话 7月25号去上海的航班。
[news]	今天有什么新闻呢。 我想听听今天的新闻。
[video, chat]	中国新声代 你认识裘实么
[health, chat]	失眠怎么办呀 你在什么地方
[app, cookbook]	打开uc浏览器登录新浪网主页 红烧猪脚
[schedule, message]	把在1607的会议修改到1608 给晓琴发短信你在干吗
[chat, tvchannel]	问问你做什么呢 北京财经
[train, cookbook]	查询宜春到南昌的火车列车时刻表 咖喱牛腩怎么做
[poetry, contacts]	搜搜一首毛泽东的诗。 新建联系人振华奎号码是幺三五零八九四九三幺二
[poetry, chat]	给我背一首满江红。 你端午节放假么
[flight, chat]	查一下明天晚上17点30分从上海飞往珠海三灶机场的飞机 你是男机器人还是女机器人
[music, schedule]	听时间煮雨这首歌 明天早晨8:10的闹钟。
[health, map]	大肠癌 帮我找到去安徽黄山的路
[cookbook, chat]	帮我查一下可乐鸡翅怎么做？ 管我什么事
[chat, stock]	你家在家还是如家 煤炭板块股票查询
[chat, message]	768的女朋友是谁 我现在要发一条信息
[chat, novel]	你有喜欢的人吗 《武动乾坤》
[chat, epg]	哪家店比较有名 明天晚上湖南卫视演什么电视剧
[video, news]	甄嬛传高清 答复，我要听新闻。
[chat, weather]	你除了喜欢我害羞的样子还喜欢我的什么呢 沈阳今天天气
[message, cookbook]	给靖哥哥发短信说我不回来吃饭了 青椒肉丝怎么做怎么炒？
[telephone, map]	打电话给三路店 昆山大润发在哪里
[train, chat]	合肥到芜湖的火车票 哪个饭店好吃
[chat, video]	你认识裘实么 好无聊哇有什么好看的电影
[poetry, epg]	您给我来一首，夏明翰的就义诗。 帮我查一下今晚中年中央六台放什么电影？
[datetime, chat]	现在是两点了吗 有体育方面的吗
[cookbook, chat]	红薯粉的做法，了。 这是啥
[chat, telephone]	巩捷甫是谁 打电话给郑艺红
[epg, map]	昨晚哪个频道有张艺谋出演的电视剧 昆山大润发在哪里
[weather, chat]	打开汕头的天气预报 怀化吃什么
[tvchannel, health]	电视台列表 得了肝癌怎么办？
[message, riddle]	给黄尚君发短信 给我讲一个谜语吧！
[train, cookbook]	从合肥去西安的火车 冰糖葫芦怎么做？你？女子。
[tvchannel, map]	中央电视台电影频道 湖里公园在哪里
[translation, video]	翻译牛 智取威虎山
[cookbook]	菠萝包怎么做？ 土豆饼怎么做啊？
[chat]	爱什么 你为什么这么开心
[translation, chat]	茶用英语怎么说呀 唠什么
[chat, video]	买的什么 江山
[poetry, chat]	给我念首古诗。 你知道我的名字吗
[chat, epg]	﻿你好慢吗！ chc高清电影昨天晚上的节目
[poetry, cookbook]	背一首春晓 土豆粉怎么做？
[schedule, health]	十分钟后叫我起床。 肾炎需要注意什么？
[epg, translation]	湖南台演什么节目 今天是个好日子的英文怎么讲
[translation, chat]	桔子英文怎么说 这么多回答不了的问题
[chat, riddle]	沈阳吃什么除了粘豆包烤冷面焖子沈阳吃什么除了粘豆包烤冷面焖子 让我猜个谜语。
[tvchannel, weather]	吉林电视台 我想知道深圳明天的天气
[flight, chat]	晋江到武汉的航班 哎你好我的梦想是什么
[chat, website]	你和小冰有什么不一样 上山居网
[chat, cookbook]	那你梦想是什么呢 请帮我找一下酸菜鱼的做法
[news, train]	搜索最新新闻 后天上海到烟台的火车
[epg, translation]	搜一下CCTV74月15号播出新编辑部的故事呢 小说英语怎么说
[video, novel]	杨幂演的恐怖片 你能搜到小说不？
[cookbook, epg]	鱼要怎么煮才好吃 非诚勿扰什么时候演啊
[telephone, video]	我想打电话给李四 情债
[cookbook, chat]	我说铁锅炖羊肉怎么做？ 你好像没理解我我真的在倒时差有什么可以让我睡觉的方法么
[chat, train]	这么严肃的事为什么好笑呢 宿州到北京的火车有哪些
[weather, cookbook]	广州的天气如何 酸菜鱼的做法，妈。
[cookbook, chat]	做糖醋排骨 会英文吗
[poetry, chat]	去网上搜索兰陵王。 还是笨笨的
[cookbook, riddle]	大骨汤的做法。 来一个字谜，二。
[website, contacts]	apple 新建联系人张三电话号码一二三四五
[chat, train]	谁制造的你啊 洛阳至西安的火车
[chat, cookbook]	鸵鸟第一件宝贝是什么 猪肉灌汤包怎么做？
[translation, train]	我要和妹妹睡觉英语怎么说 广州到南宁的火车
[weather, chat]	今天天气冷吗 谁制造的你啊
[flight, weather]	查一下澳门到吉隆坡的飞机 扬州天气
[cookbook, telephone]	求米线怎么做？ 打石宝电话
[cookbook, app]	田螺怎么炒啊？ 打开系统软件清理
[epg, chat]	湖南卫视明天播什么节目 能告诉我你的性别么
[news, chat]	噗我想听新闻。 我国是谁
[health, cookbook]	介绍一下尖锐湿疣 星光做西红柿炒鸡蛋呢！
[chat, cookbook]	你会唱歌吗来一首 请帮我找一下酸菜鱼的做法
[music, weather]	播放黑猫警长。 丽水的天气怎么样
[cookbook]	煮咖喱饭。 猪舌头怎么做比较啊子？
[flight, chat]	济南到汉中的飞机票 怀化吃什么
[translation, music]	你去哪用英文怎么说 来首我的未来不是梦
[poetry, cookbook]	嗯，你来一首李白的诗词，的。 酸菜鱼的做法，妈。
[health, chat]	淋病怎么办 图灵机器人也不知道是什么耶
[video, map]	爱在旅途 查询沿途的KTV
[translation, weather]	中国共产主义的英文怎么说 今天柳州天气怎么样
[chat]	你会喝酒吗？ 哪有雪
[riddle, chat]	讲一个谜语和答案。 库里是不是傻
[video, train]	电影中国合伙人 帮我在百度里搜一下东莞到北京的火车
[poetry, video]	朗读游子吟。 当婆婆遇上妈
[bus, chat]	从聊城到东营的车。 你是不是爱上别人了
[riddle, message]	给我讲一个谜语吧！ 发短信给上海浦东发展银行　95528
[cookbook, map]	川崎玫瑰的制作方法 从我这里到科大讯飞走高速路线
[radio, chat]	98.4香港电台第四台 人们夸奖谁
[weather, poetry]	几个田今天天气怎么样 ok好，来首李白的诗词。
[translation, music]	一千五英语怎么说 唱一首简单爱
[weather, match]	查看武汉天气 7月13号广州恒大俱乐部的比赛有哪些
[translation, datetime]	翻译爸爸 武汉的精确时间是
[bus, chat]	昭通到南昌的汽车。 你会做菜吗?
[chat, epg]	怎么这么多鸡汤 现在有什么好看的电视剧？
[cookbook, map]	怎么煮面才好吃呢？ 我想到科大讯飞怎么走
[map, video]	南光集团怎么走 青春期撞上更年期二
[music, website]	随便来首刘德华的歌。 激动
[music, poetry]	我要听还是会这首歌 各来一首李白的诗词。
[music, video]	我想听春天里这首歌 大头儿子小头爸爸
[epg, poetry]	北京卡酷熊出没 给我背个李白的诗。
[weather, message]	舒城的天气 给杨斌发短信
[health, chat]	胃溃疡。 能告诉我你的性别么
[lottery, chat]	提供一张大乐透 我看你还是不太行
[cinemas, datetime]	我要看热门电影。 还有多少天过年
[health, cookbook]	包皮过长，怎么办？哦。 番红烧肉的做法。
[website, chat]	宜家 秋娃娃写信给谁
[website, chat]	中国新闻网网站 室友秀恩爱怎么办
[map, match]	告诉我西安的位置 中超赛事预告吗？
[contacts, flight]	把徐程的电话发给吴芳 贵阳到哈尔滨飞机
[chat, health]	为什么工数大物学不会 脑瘫
[app, cookbook]	搜索结束软件 你给我讲讲红烧肉的做法。
[cookbook, flight]	白灼基尾虾的做法。 到武汉的航班
[chat]	水里有什么 你可以做什么
[train, datetime]	明天广州到北京的火车 现在是两点了吗
[video, chat]	青春期撞上更年期二 哈哈哈干什么也想你到底是不是本
[health, poetry]	甲型肝炎。 背一下春晓孟浩然。
[riddle, radio]	那来个灯谜吧！ 98.4香港电台第四台
[chat, map]	你什么时候去北京 美国大使馆在哪
[telephone, poetry]	拨打幺零零八六一一 背将进酒。
[video, map]	命运派对 华晶小学在哪里
[flight, chat]	到北京的飞机。 这么多回答不了的问题
[weather, chat]	巴中的天气 能想起我吗
[contacts, train]	新建联系人张三电话号码一二三四五 潜山到福州的火车
[contacts, video]	新建联系人振华奎号码是幺三五零八九四九三幺二 陈真
[chat, music]	你是詹黑吗 放一首音乐给我听
[flight, cookbook]	济南到重庆的航班。 红烧肉怎么做？嗯？
[cookbook, message]	帮我搜索一下有什么家常菜？ 给王帅发个短信说他让他起来尿尿
[chat, health]	但还是很差 肾积水怎么治？
[cookbook]	草虾尾怎样做。 怎么做冰激凌？
[weather, poetry]	查看一下天气预报 哪里香我来一首李白的诗。
[cookbook, website]	怎么做鱼呢？ apple
[riddle, tvchannel]	打个谜语吧！ 我要看中央五台
[chat, novel]	什么跌了 赶紧推荐一部小说。
[music, stock]	放首歌听一下你好 六零零零三六昨天的涨跌幅情况
[calc, chat]	45与53的差是多少 是说我好吗我逗你玩儿
[chat, train]	你有伙伴吗 查询泉州到上海的动车票
[telephone, epg]	打电话给王安娜 六台有什么节目
[video, cookbook]	新扎师妹 红烧排骨怎么做？
[telephone, map]	拨打张月华的电话 到科大讯飞怎么走更快一些
[chat, video]	你睡午觉吗 我想看周星驰的喜剧电影喜剧之王
[cookbook, epg]	你给我讲讲红烧肉的做法。 8点河北卫视播放过恋了爱了
[cookbook, video]	新奥尔良烤翅的做法 大头儿子小头爸爸
[tvchannel, schedule]	帮我调到安徽卫视 设定闹钟。
[website, cookbook]	四川新闻网 面包的配方。
[cinemas, telephone]	我想知道环球影视明天播放什么电影 打电话给三路店
[telephone, app]	给幺零零幺零打电话 opera浏览器
[cookbook, website]	嗯，知道红烧肉怎么做？ 浏览一下百度
[epg, cookbook]	中央电视台一套现在放什么节目？ 民间小炒肉的做法。
[cookbook, map]	怎么做炸鸡 带我去新都会
[video, translation]	亲爱的孟凯韬 你怎么了英文怎么讲
[stock, translation]	人福医药股票 中国共产主义的英文怎么说
[cookbook, train]	盐水鸭怎么做？ 从合肥到北京的列车
[poetry, chat]	来首苏轼的词。 你可以做什么
[match, cinemas]	中超比赛，结果。 查询恒光电影院即将上映的电影
[epg, stock]	今天电影频道演什么 安徽合力股票
[health, news]	肠易激综合征。 我要听新闻，给我数。
[chat, poetry]	那你教我怎么搭讪好了 给我背个李白的诗。
[flight, cookbook]	帮我查一下明天南昌到广州的飞机票 土豆粉怎么做？
[chat, stock]	有什么好听的歌 陈娴TCL股票是涨还是跌了
[chat, news]	你是不是爱上别人了 讯飞语音我想知道山东省东营市今天的新闻。
[cinemas, bus]	电影院有什么电影？ 上海到合肥怎么坐汽车？
[telephone, chat]	拨打幺三九七七零九八七七六 从哪回来
[music, epg]	我想听音乐忘情水。 安徽电视台12月18号晚上10:10的电视剧
[epg, cookbook]	chc高清电影昨天晚上的节目 鱼香肉丝肉怎么做？
[tvchannel, lottery]	听江苏交通广播网 帮我查一下今天开奖的15选5
[video, map]	欧阳震华的罪案电视剧 昆山大润发在哪里
[music, chat]	来一首听你听我 还是想知道你能做些什么
[video, message]	斯皮尔伯格导演的电影 发短信给啊妈说车票买到了
[news, map]	有什么重大新闻 导航到山东省菏泽市王浩屯镇
[video]	播放法制进行时 胜者即是正义
[stock, chat]	中国银行股票怎么样 你在什么地方
[chat, tvchannel]	我在跟你聊天儿吗 高清深圳台
[cookbook, epg]	做红烧肉要哪些材料呀！ 看中央七频道讲武堂节目
[app, video]	打开手机QQ恩 搜索逃学威龙第二部
[epg, chat]	帮我查找一下今天晚上有什么电视节目？ 是说我好吗我逗你玩儿
[chat, video]	你喜欢什么啊 命运派对
[chat, contacts]	准备好了吗？ 把徐程的电话发给吴芳
[chat, music]	那是啥 来一首夜夜夜
[chat, email]	你怎么知道呢 替我打开新邮件
[chat, train]	明天想吃啥呀 查询昆明到合肥的火车
[news, chat]	美国最近有什么新闻 卧槽一个答非所问的AI有什么用
[poetry, stock]	李清照的诗。 美菱电器的昨日收盘价是多少
[website, train]	打开搜狐网首页 洛阳至西安的火车
[tvchannel, train]	我要看c c t v一 查一下兰州到成都的火车票
[tvchannel, news]	找湖南卫视 有什么重要新闻吗？
[tvchannel, cookbook]	我要看下中央六套 红枣鸡汤怎么煲？
[calc, website]	帮我算一算45的平方根 进你的官网
[epg, chat]	中央一套什么时候有建党伟业 你怎么知道我不知道
[tvchannel, message]	江苏影视台 给周玉发短信
[video, cookbook]	电视剧火凤凰 怎么煮面才好吃呢？
[chat]	汪进祥怎么样 你能识别语音吗
[radio, riddle]	打开调频FM107南平人民广播电台 再来一个脑筋急转弯
[message, chat]	发信息给学超 你知道我的名字吗
[translation, chat]	智能手机英语怎么说 这么有趣啊
[cookbook, telephone]	请帮我找一下酸菜鱼的做法 拨打幺三九七七零九八七七六
[translation, match]	一加一用英语怎么说 2013年中国男足，主要赛程。
[weather, stock]	你好请问一下明天广州的天气如何 煤炭板块股票查询
[train, translation]	查一下南昌到南京的火车 我来自美国是一个地地道道的美国人用英语怎么说
[cookbook, chat]	虾仁饭。 蒋能能是谁
[chat]	你有压力吗 你能干嘛？
[message, map]	给杨燕姐发短信 到薛城区怎么走
[stock, cinemas]	中水渔业的股票 最近有什么热门的电影？
[message, datetime]	给杨斌发短信 现在几号
[cookbook, chat]	豆腐花的做法。 我去烟台有高铁吗
[message, novel]	给周玉发短信 我要看免费的小说。
[chat, epg]	西方谁可以谈笑风生 湖南台演什么节目
[chat, epg]	你知道水吗 上周六发现之旅有演星跳水立方呢
[chat, poetry]	你叫什么啊 念首诗听一下。
[chat, stock]	你妹叫傻傻么 中水渔业的股票
[translation, flight]	很高兴见到你英文怎么讲 八月十一日从厦门飞往上海的航班
[chat, cookbook]	恋爱着东西很玄虚，谁都说不准 酸菜鱼的做法，妈。
[epg, video]	今晚有什么节目啊？ 中国新声代
[flight, chat]	帮我查一下深圳到桂林后天的机票 你认识siri吗
[cookbook, chat]	臭豆腐汤怎么烧？ 谁写的你
[telephone, tvchannel]	打给曾玮文 我要看湖南台
[music, chat]	来一首夜夜夜 你可以二十四小时陪我聊天吗
[video, poetry]	看电影啊 李白的静夜思怎么读？
[news, cookbook]	搜索娱乐新闻。 酸菜鱼的做法，妈。
[cookbook, chat]	糖醋鲤鱼怎么做？而？ 怎么调用QA
[app, cookbook]	搜索游戏 蚝油生菜的做法。
[poetry, map]	恶念首唐诗。 到太湖怎么走
[contacts, train]	新建联系人张雨号码是五六七 帮我查询一下温州到上海的火车
[website, stock]	九阴真经 五零零零零五的市值高不高
[chat, cookbook]	怎么教你 帮我查一下红烧肉的做法
[video, message]	贺岁片 呃发信息给周玉豪
[video, website]	古惑仔 上百度网站
[map, cookbook]	从新加坡花园怎么去宁溪路 说话，给我搜一下做苹果麦片粥是怎么做啊？
[translation, chat]	书包用英语怎么说 可是我不喜欢你了两个亿你你一点也不忙啥子
[message, cookbook]	发短信给幺八六六七九零三五八零 炒豆腐。
[tvchannel, contacts]	中央台五套 把许琦彪的号码发给徐鹏
[datetime, flight]	哪一天国际牛奶日 帮我查一下广州到长沙的航班
[website, telephone]	我要打开百度 打电话给小女儿
[chat, cookbook]	什么新闻呢 酸菜是怎么做的可以用塑料布。
[translation, schedule]	大家今天心情如何用英语怎么说 给我定一个8:10的闹钟。
[music, train]	我要点一首小星星 洛阳至西安的火车
[app, video]	搜索京东商城 亲爱的孟凯韬
[message, chat]	给张克达发短信 你们好吗
[chat, weather]	你是不是啥 丽水的天气怎么样
[app, chat]	找愤怒的小鸟 我美么
[train, chat]	帮我查一下赣州到杭州的火车票 你知道什么的什么是什么吗
[chat, cookbook]	你可以做什么 干锅排骨怎么做？
[riddle, stock]	我要猜一个字谜。 通宝能源股票
[chat, cookbook]	很晚了你不睡觉吗 牛骨汤
[video, map]	要看名侦探柯南 到步行街不走高架的路线是哪条
[chat, cookbook]	你认识徐俊吗 你给我讲讲红烧肉的做法。
[chat, cookbook]	你的性别是什么 青椒肉丝怎么做怎么炒？
[video, news]	情景剧电视剧 请问一下军事新闻。
[chat, cookbook]	你能分析上下文吗 坐宫保鸡丁需要哪些材料？
[message, map]	给张倩倩发短信 到步行街不走高架的路线是哪条
[chat]	是的咯还是笨笨最好 那你为什么不修
[radio, cookbook]	调频到fm八九八 酸菜鱼怎么做啊
[video, cookbook]	狄仁杰之通天帝国视频 怎么做水煮鱼店？
[lottery, video]	帮我查一下2013年2月8日开奖的15选5中奖号码 最近有什么好电影吗？
[news, cookbook]	今天温州有什么新闻。 四喜丸子怎么做？
[chat, health]	你在什么地方 梅毒怎么治疗？
[train, flight]	洛阳至西安的火车 八月十一日从厦门飞往上海的航班
[chat, epg]	这么多回答不了的问题 看中央七频道讲武堂节目
[message, epg]	给张大萍发短信 环球旅游明天有演我爱饭米粒
[cookbook, video]	怎么炒南瓜？ 中国最强音
[cookbook, radio]	红烧排骨怎么做？ 帮我调频92.4中国国际广播电台行不行？
[riddle, chat]	来一个灯谜，你。 你会下象棋吗
[chat, video]	这么装逼 美国热门的恐怖电影
[chat, cookbook]	会英文吗 啥婆豆腐的制作方法
[translation]	你怎么了英文怎么讲 很高兴见到你英文怎么讲
[video, news]	满秋 艳照门事件。
[map, flight]	怎么去泉城广场 到北京的飞机。
[news, message]	我也听新闻。 给严巧发短信
[chat, website]	我去烟台有高铁吗 四川新闻网
[poetry, map]	我心照明月后面一句是什么？ 从这里到市中心怎么走
[video, datetime]	我想看变形金刚三 现在星期几
[app, cookbook]	打开会说话的汤姆猫 鱼香肉丝肉怎么做？
[flight, music]	帮我查一下广州到长沙的航班 我想听只对你有感觉
[contacts, chat]	潘靖的电话是多少 白天干什么
[stock, poetry]	五零零零零五的市值高不高 给我背一首满江红。
[music, message]	搜索歌曲公路 给靖哥哥发短信说我不回来吃饭了
[riddle, train]	讲个脑筋急转弯，我，我格，你是谁？ 查询昆明到合肥的火车
[weather, novel]	合肥明天的湿度如何 我要看古言小说
[poetry]	请念一首毛泽东诗词。 唐诗登高。
[chat, video]	那你现在可以干啥 当婆婆遇上妈
[poetry, translation]	长风吹月渡海来下一句是什么？ 今天是个好日子的英文怎么讲
[email, cookbook]	我要答复邮件 红烧肉怎么做？嗯？
[telephone, cookbook]	打电话给阿敏 冷面的做法。
[cookbook, chat]	烤鸭，啊！ 笨笨我不喜欢你这个名字你可以给自己换一个么
[cookbook]	红枣鸡汤怎么煲？ 搜索，西米露的做法。
[email, riddle]	我要全部回复 给我讲一个谜语吧！
[schedule, chat]	给我定一个8:10的闹钟。 卧槽一个答非所问的AI有什么用
[chat, stock]	什么时候咱俩见一面吧 搜索中国移动股票
[video, chat]	搜索电影晚秋 你知道叶哲是谁吗
[flight, app]	上海到青岛的飞机票 打开天天动听播放站你名下
[website, calc]	把我打开淘宝的网页 3的平方除以2的立方的商的倒数
[stock, translation]	上海宝钢股票 帮我翻译一下番茄
[cookbook, telephone]	红烧猪脚怎么做啊？ 给王涛打电话
[cookbook, app]	红烧猪脚 金山词霸
[telephone, novel]	呼叫徐媛 我要看现代重生小说
[chat, email]	你有什么梦想啊 我想要转发这封邮件
[music, video]	唱一首简单爱 美国恐怖电影
[telephone, message]	幺三八五幺二九二四幺四 给靖哥哥发短信说我不回来吃饭了
[music, chat]	哦来一首青花瓷 恋爱着东西很玄虚，谁都说不准
[news, message]	艳照门事件。 发短信给王亮说死人你在干什么呢
[website, flight]	新蛋网 到北京的飞机。
[poetry, cookbook]	我要听李白的诗。 你给我讲讲红烧肉的做法。
[translation, music]	当前不再呼叫英语怎么说 我想听只对你有感觉
[chat, calc]	什么时候去 2的2次方
[poetry, chat]	帮我来一首兰陵王。 什么太美了
[poetry, telephone]	来首宋词。 打电话给摩托老师
[chat]	吃完饭之后干什么 ﻿你好慢吗！
[flight, video]	八月十号从重庆到武汉的航班 看电影啊
[telephone, weather]	打电话给潘立长 明天赣州什么天气
[stock, datetime]	通宝能源股票 现在星期几
[app, chat]	嗯打开相机 我可以帮你吗
[novel, video]	赶紧推荐一部小说。 我想看爱情闯进门
[video, chat]	当婆婆遇上妈 什么太美了
[cookbook]	干豆角怎么烧？ 嗯，知道红烧肉怎么做？
[train, epg]	上饶到南昌的火车票 安徽卫视今天晚上放什么？
[chat, cookbook]	结婚了吗 麻辣烫做法。
[stock, chat]	永高股份的股票 丰田车在哪里生产的？
[chat, translation]	你再给我推荐几本书 茶用英语怎么说呀
[epg, news]	哪个频道演爸爸去哪儿 看一下今天早上新闻。
[video, tvchannel]	我想看搞定岳父大人电影 江苏影视
[lottery, email]	大乐透的开奖情况 我要查看邮件
[epg, chat]	央视综合频道昨晚的节目单 你能安慰我吗
[train, calc]	帮我查一下临海到上海的火车 3的平方除以2的立方的商的倒数
[app, flight]	音乐播放器 晋江到武汉的航班
[epg, chat]	安徽卫视今天晚上放什么？ 刘一佳是谁
[chat, video]	叫你笨笨你敢答应么 爱情公约
[chat, video]	人们夸奖谁 花开半夏
[cookbook, email]	还路阻少茶汤的做法。 我想全部回应
[stock, video]	查询濮耐股份的股票 胜女的代价电视剧
[train, chat]	去广州的火车票 怎么这么多鸡汤
[app, video]	把我打开UC浏览器 请帮我查找一下奥特曼大电影
[video, music]	陈真 我想听蔡依林的倒带这首歌
[cookbook, chat]	牛肉的做法。 你会唱歌吗
[telephone, riddle]	给王涛打电话 查个字谜。
[chat, music]	小是什么 我想听求佛。
[chat, weather]	唉你叫什么名字 天气好不好啊
[contacts, tvchannel]	新建联系人王义勇幺三八六零零幺九四九零 北京财经
[cookbook, website]	意大利面。 我要打开百度
[epg, chat]	上海东方卫视现在在播放什么？ 是说我好吗我逗你玩儿
[epg, video]	哪个台在放甄嬛 电影中国合伙人
[cookbook, app]	四喜丸子怎么做？ 打开手机QQ恩
[chat, map]	你信什么 昆山大润发在哪里
[telephone, flight]	打电话陈雪莉 查一下济南到成都的航班
[schedule, news]	设定闹钟。 听新闻，姨。
[map, chat]	沿途有没有加油站 can you speak English?
[match, chat]	查询中超赛事。 人们夸奖谁
[match, translation]	恒大山东鲁能比分是多少？ 翻译慷慨激昂
[cookbook, chat]	鱼香肉丝肉怎么做？ 单个词是什么情况
[epg, stock]	焦点访谈什么时候播 查寻天龙集团的股票
[app, poetry]	打开天天动听并开始播放音乐 何以解忧的下一句是什么？
[app, weather]	正韵打开相机 明天赣州什么天气
[stock, schedule]	伊利股份 什么时候和张三去步行街
[train, translation]	北京到镇江的火车 晚安的英语
[news, translation]	我想听足球类新闻 小说英语怎么说
[schedule, video]	听到没有，提醒我晚上有约会记得穿正装 电视剧火凤凰
[chat, stock]	小朋友的妈妈是谁 零零二三零六的股票
[cookbook, video]	土豆烧肉。 看空霸
[video, datetime]	我想看张艺谋导演的电影 还有多少天过年
[chat, cookbook]	那你为什么不修 冷面的做法。
[tvchannel, video]	央视综合高清 狸猫换太子
[video, cookbook]	金瓶梅 做南瓜饭
[stock, app]	招商银行港股的股价 ﻿打开熊猫看书
[video, chat]	猫眼三姐妹 你是詹黑吗
[app, chat]	钛备份 我去烟台有高铁吗
[chat]	今天天气怎么 出来约炮吗
[chat, riddle]	是不是只要我说话你就说话 让我猜个谜语。
[translation, chat]	香蕉用英语怎么讲 为什么要想你
[video, chat]	搜索国外大片 唱一下你是谁
[cookbook, bus]	红烧肉怎么做？嗯？ 长沙到怀化的汽车。
[email, poetry]	替我答复这条邮件 月咏牡丹的下一句，是什么？
[cookbook, video]	基尾虾怎么做？ 贺岁片
[cookbook, radio]	教我做馒头。 调幅am六百二十八
[epg, music]	电视台在播什么节目 我想听周杰伦的菊花台
[epg, stock]	环球旅游明天有演我爱饭米粒 中国银行股票怎么样
[news, weather]	看看有什么好新闻 武汉的明天天气
[chat, map]	嘿干嘛呢 从新加坡花园怎么去宁溪路
[cinemas, music]	附近电影院。 播放断点
[chat, cookbook]	秋娃娃写信给谁 披萨的做法
[cookbook, tvchannel]	鸡怎么做才好吃？ 老故事
[weather, chat]	苍溪的天气 你不是人吧我怎么觉得你是人呢
[app, chat]	打开uc浏览器 这是啥啊
[video, datetime]	我要当八路军 哪天清明节
[cookbook]	排骨堡汤的做法。 福寿鱼做法。
[epg, cookbook]	昨天晚上湖南卫视演什么 怎么做卤猪脚
[translation, poetry]	早点死英文怎么翻译 搜索古诗绝句。
[map, epg]	到步行街不走高架的路线是哪条 我昨天晚上的今日关注
[chat]	你不下去么 你是微软小冰吗
[music, cookbook]	来首快乐崇拜 怎么做水煮鱼店？
[cookbook, poetry]	松菇鸡汤的做法。 你给我背一首白居易的诗。
[riddle, epg]	脑筋急转弯，孙。 今晚安徽卫视有什么节目
[chat]	我也是总是困怎么办 怀化吃什么
[epg, chat]	六台有什么节目 你喜欢老师吗
[epg, chat]	哦，安徽卫视今晚放什么节目？ 你是猪还是牛呀
[map, telephone]	从这里到市中心怎么走 呼叫广岁
[cookbook]	可乐鸡翅怎么做呀晚点告诉我。 黑菜扣肉的做法告诉我一下啊！
[news, flight]	最新的新闻播报一下 查询一下明天广州到武汉的航班
[poetry, stock]	那就来一首李白的诗词吗？ 查询三一重工股票
[lottery, tvchannel]	帮我查一下今天开奖的15选5 c c t v法语频道
[telephone, health]	打电话给小女儿 失眠怎么办呀
[cookbook]	怎么做炸鸡腿？ 凉面。
[chat]	那你告诉我你几岁才好交朋友 你出生在哪
[flight, chat]	7月25号去上海的航班。 怎么教你变聪明
[message, chat]	发短信给刘文说明天下午五点有聚会 你怎么知道呢
[match, chat]	江苏舜天队这个星期的比赛时间给我找出来 哪个倒霉孩子给你起这个名儿
[app, website]	打开qq找杨佳艺 新浪汽车
[tvchannel, schedule]	CCTV四套 听到没有，提醒我晚上有约会记得穿正装
[cookbook, map]	炸馒头片 从我这里到科大讯飞走高速路线
[calc, chat]	你知不知道三十四加六十五等于多少 聊些什么呢
[telephone, chat]	打电话给郑艺红 现在在哪
[email, poetry]	我想要转发这条邮件 来一首唐诗吗？
[news, cookbook]	看今天的新闻。 孙翠鱼怎么做？
[tvchannel, message]	换江苏卫视 把王建春的电话号码发给张学政
[cookbook, translation]	凉拌海带 茶用英语怎么说呀
[website, video]	幻剑书盟 地心历险记二
[calc, app]	4乘6乘七再除以二 正韵打开相机
[chat, website]	干嘛去 摩尔勇士
[telephone, cookbook]	给高兴打电话 草虾尾怎样做。
[video, telephone]	智取威虎山 给金华打电话
[schedule, cinemas]	明早8:10叫醒我。 电影院有什么电影？
[chat, message]	有什么钱 给严巧发短信
[chat]	你是什么意思呀 我咋不知道这事儿呢啊明星啊之心知肚明啥意思
[video, music]	太阳第九集 来首我的未来不是梦
[chat, poetry]	你认识siri吗 来一首唐诗吗？
[translation]	西红柿用英语怎么说 桔子英文怎么说
[poetry, telephone]	那你背首唐诗给我听。 拨打陈艾电话
[epg, stock]	给我看看什么时候有播盛夏晚晴天 章源钨业
[datetime, epg]	元宵节还有几个星期 搜一下CCTV74月15号播出新编辑部的故事呢
[cookbook, poetry]	鸽子，怎么做最好吃？ 查一首古诗，武林春。
[health, tvchannel]	给我查一下，乳腺增生怎么治疗？ 浙江台
[cookbook]	星光做西红柿炒鸡蛋呢！ 肉肉怎么腌制？
[cookbook, stock]	鸭蛋怎么腌？ 青岛海信股票
[map, weather]	帮我找到去安徽黄山的路 广州的天气如何
[app, health]	opera浏览器 胃溃疡。
[train, chat]	南京到厦门的火车票 这个没什么吧
[cookbook, tvchannel]	欧树的叶子怎么炒？ 高清深圳台
[email, chat]	我要查看邮件 你是不是爱上别人了
[message, app]	发短信给幺五八三七五幺幺幺四幺 百度百科
[riddle]	你会猜谜语吗？ 讲一个谜语，啊，你，哦。
[chat, epg]	诗中共出现了几种颜色 今天什么好看电影？
[chat, cookbook]	你能识别语音吗 狗肉怎么做？
[chat, match]	汪意发是谁 中超比赛时间多少啊？
[website, novel]	打开三星首页 我要看游戏异界小说
[video, stock]	香港杜琪峰导演的喜剧孤男寡女 零零二三零六的股票
[message, calc]	发短信给张三说“画皮2在哪个台播出” 十二与32的积是多少
[video, cookbook]	狸猫换太子 西红柿炒蛋怎么煮？
[telephone, bus]	打电话给卢静 合肥到上海可以到哪坐车？
[health, poetry]	甲亢怎么办？ 搜索兰陵王。
[video, lottery]	推理动漫 查七乐彩开奖结果
[map, video]	去常州武进路线 李瑞英主持的最新的新闻节目
[chat]	什么理由 不多不要紧都会什么
[map, chat]	合肥的大润发在哪 谁傻
[calc, chat]	4的2次方根 刘一佳是谁
[schedule, tvchannel]	清空提醒 我看呀中央五台
[match, weather]	北京国安5月23号比赛和谁踢 武汉的明天天气
[news, stock]	帮我搜索一下今天的新闻 蓝鹰股票
[epg, cookbook]	帮我查一下今晚中年中央六台放什么电影？ 陈醋排骨的做法。
[telephone, website]	呼叫广岁 我想上网易
[cookbook]	做南瓜饭 做红酒怎么做啊？
[app, video]	打开酷狗并随机播放 最美的时光
[video, cookbook]	我是特种兵二 土豆粉怎么做？
[epg, website]	咱们结婚吧什么时候播出 现在我也想上新浪网了
[weather, cookbook]	丽水的天气怎么样 凉拌菜
[video, music]	电影私人定制 我想听想唱就唱
[telephone, chat]	你给朴叔打电话 你咋知道
[music, novel]	我想听情花开这首歌 我要看魔法神话小说
[news, chat]	今天的新闻，欲 哪去
[stock, cinemas]	我想看一下科大讯飞的股票 搜索合肥左岸国际电影城。
[website, novel]	浏览一下百度 我要看唐家三少写的玄幻小说绝世唐门
[chat, message]	你萌吗 给张金波发短消息今天中午一起吃饭
[message, tvchannel]	发信息给熊伟 调到新疆综艺
[message, calc]	发信息给苏建江 45的三次方
[chat, email]	你认识xx吗 给我写一个新邮件
[health, weather]	肾炎需要注意什么？ 查看汕头天气
[video, chat]	我想看珍珠港 谁骂你
[cookbook, chat]	鱼香肉丝，怎么做？不？ 你知道叶哲是谁吗
[cookbook, tvchannel]	搜索，西米露的做法。 女性时尚
[chat]	你怎么总是失误 什么理由
[stock, app]	六零零零三六昨天的涨跌幅情况 搜索京东商城
[chat, map]	宝宝你这是在卖萌吗 广东省英德在哪里
[epg, chat]	央视三台现在播放什么节目 我女儿想去哪里
[chat, news]	吃药了吗 今天有什么新闻呢。
[stock]	零零二三零六的股票 搜索中国移动的股市行情
[stock, chat]	伊利股份股票 怎么找女朋友
[chat, bus]	还是笨笨的 从聊城到东营的车。
[radio, tvchannel]	调频fm九十七点一 央视综合高清
[cookbook, chat]	水饺的做法。 我女儿想去哪里
[poetry, app]	查一首古诗，武林春。 打开相机我想你
[calc, flight]	23减去根号4 帮我订一张杭州到上海的机票
[video, flight]	刑侦电视剧 到武汉的航班
[flight, tvchannel]	明天去桂林的航班。 高清江苏
[video, music]	女子特警队之火凤凰 唱一首简单爱
[contacts, weather]	把张玉娟的手机号码发送给吴伟 查一下绵阳的天气预报
[video, weather]	看空霸 临沂的天气
[cookbook, chat]	怎样蒸排骨最好吃的。 你是男生还是女生
[stock, weather]	五八零零二二的市盈率是多少 今天天气冷吗
[cookbook, translation]	请问意大利面怎么做 一千五英语怎么说
[epg, bus]	熊出没是几点开始播放。 九江到景德镇的汽车。
[telephone, app]	呼叫a 二小姐 搜索京东商城
[chat, health]	你们什么搞笑剧 得了艾滋病怎么办
[telephone, poetry]	拨打陈艾电话 李白的静夜思怎么读？
[website, match]	上美空网 北京国安5月23号比赛和谁踢
[video, telephone]	读心专家 给王涛打电话
[datetime, cookbook]	哪天清明节 鱼要怎么煮才好吃
[bus, health]	宁波到岳阳的汽车。 湿疹怎么处理？
[weather, epg]	保定天气 今晚有什么节目啊？
[cookbook, epg]	酸菜鱼的做法，妈。 上周六发现之旅有演星跳水立方呢
[website, flight]	我想上网易 明天去深圳的飞机
[chat, video]	说说吗 2013年的警匪电视剧
[weather, chat]	明天泸州天气如何 在哪里出门右转
[chat, email]	能安慰安慰我吗 我要写条新邮件
[chat, health]	你知道我的名字吗 甲亢。
[cookbook, email]	自演艺，羊肉怎么做？ 替我打开新邮件
[cookbook, tvchannel]	肉肉怎么腌制？ 海南旅游卫视
[train, video]	安阳到郑州的火车 金瓶梅
[radio, flight]	本省农村广播 明天珠海到青岛的航班
[weather, video]	呼和浩特的天气怎么样呢 风车第十五集
[music, app]	我想听水墨丹青这首歌 打开酷狗并随机播放
[novel, app]	最近好看的小说 国际象棋开局
[chat, telephone]	你是讲故事呢吗你是报幕呢吧 四八七三一六六
[cookbook, video]	如何煮牛肉饭。 刘诗诗主演过的电影
[map, video]	讯飞语点我现在在哪里 苍狼
[video, cookbook]	知青 烤牛排怎么做？
[website, chat]	开启雅虎 什么评论呀
[cookbook, translation]	怎么做饭好吃？ 我喜欢亚楠用英语怎么说
[poetry, chat]	来一首白居易的长恨歌 你知道我几岁
[chat, cookbook]	现在不是这个时候大好吗我的大还有没有什么时光网 我想知道皮蛋瘦肉粥是怎么做的
[health, stock]	如何治疗颈椎病。 章源钨业
[cinemas, weather]	苏电影我们都是坏孩子。 查一下绵阳的天气预报
[flight, message]	厦门到上海的机票 发信息给学超
[train, tvchannel]	查看滁州到南京的火车票 我看呀中央五台
[music, weather]	找一首歌叫斑马斑马 巴中的天气
[cookbook, chat]	帮我查一下红烧肉的做法 我在韩国你在哪里
[health, lottery]	发烧好吗？ 大乐透的开奖情况
[epg]	我要看湖南卫视快乐大本营 今天什么好看电影？
[news, message]	今天的新闻有什么？ 给原波发短信
[stock, chat]	南钢 怎么不懂讲晚安呢
[translation, telephone]	翻译李淼 打石宝电话
[translation, cookbook]	很高兴认识你英语怎么说啊 如何做煎饼。
[poetry, translation]	来首唐诗小池 福尔摩探案急翻译成英文
[datetime, news]	今天农历是多少 我想听昨天晚上的新闻。
[flight, video]	汕头到重庆的航班 看空霸
[map, poetry]	昆山大润发在哪里 朗读游子吟。
[poetry, chat]	杜甫的诗。 那你为什么不修
[video, calc]	我想看大武当电影 十二与32的积是多少
[map, weather]	到薛城区怎么走 舒城的天气
[health, tvchannel]	脑瘫 哦我想看中央一台
[chat, message]	你是不是呆萌啊 发短信给王亮说死人你在干什么呢
[weather, flight]	奥克兰的天气 搜索武汉到南京的机票
[cinemas, radio]	查找卢米埃银泰电影院有播放什么好看的电影吗 调频fm九十七点一
[message, train]	给黄杠发短信 帮我查一下广州到深圳的火车
[weather, chat]	二月一日柳州的天气 恋爱着东西很玄虚，谁都说不准
[chat, match]	你认识宫庆红么 国足最新赛程。
[weather, website]	青阳天气如何 上山居网
[music, app]	播放田园的歌 钛备份
[chat, weather]	你好像没理解我我真的在倒时差有什么可以让我睡觉的方法么 宁波天气情况
[cookbook, flight]	阳澄湖大闸蟹的做法。 请查询一下深圳飞往上海的航班
[flight]	查询广州到海南的航班 大连飞往上海的航班
[poetry, news]	读句诗来听听。 有什么重大新闻
[cookbook, weather]	胖鱼头怎么烧？ 鄱阳县的天气
[novel, stock]	可以找一下浪漫满屋的小说 截止目前银鸽投资股份的市值是多少
[map, video]	从南京到亳州怎么走 金瓶梅
[chat, app]	跳的人我想要了吗 开启通讯录
[chat, app]	丁效是谁 打开酷狗并随机播放
[chat, train]	怀化吃什么 查一下苏州到洛阳的火车票
[video]	看东方 青春期撞上更年期二
[epg, schedule]	中央电视台少儿频道大耳朵图图 取消明天的闹钟
[map, cookbook]	美国大使馆在哪 怎么做饭好吃？
[datetime, cookbook]	时间现在的 炒鸡蛋，需要，哪些材料？
[epg, chat]	安徽电视台12月18号晚上10:10的电视剧 你平时吃什么
[flight, music]	查一下济南到成都的航班 我想听春天里这首歌
[bus, chat]	九江到景德镇的汽车。 卧槽一个答非所问的AI有什么用
[telephone, tvchannel]	听电话 我要看下中央六套
[novel, app]	我要看现代重生小说 国际象棋开局
[chat, app]	什么零食 打开应用程序钱包
[chat]	那我要怎么做 还是笨笨的
[map, contacts]	查询北京到上海的路线 把李文鼎的号码发给谢服全
[chat, weather]	笨笨我不喜欢你这个名字你可以给自己换一个么 大连天气
[health, chat]	甲亢。 谁在买扇子
[map, message]	到太湖怎么走 给姐姐发短信我今天晚上晚点回去你就别等我吃饭
[cookbook, health]	四川美食。 失眠怎么办呀
[poetry, flight]	李白的将进酒。 帮我订一张杭州到上海的机票
[cookbook, health]	那做红烧鱼需要哪些材料啊？ 失眠怎么办呀
[cookbook, chat]	又热炒鸡蛋怎么做？ 还能聊点啥呢
[chat, tvchannel]	为啥要刷盘子呢 高清央视综艺
[message, chat]	我现在要发一条信息 什么新闻呢
[cookbook, video]	啊，青椒炒蛋。 智取威虎山
[message, tvchannel]	给刘志发短信 高清深圳台
[chat, epg]	有什么用呢 可不中央五套明天的节目单
[map, chat]	从我这里到科大讯飞走高速路线 你是詹黑吗
[video, chat]	钢铁侠三 笨笨真的会聊天吗
[tvchannel, chat]	打开浦口新闻综合频道 然后你转了么
[chat, tvchannel]	我咋不知道这事儿呢啊明星啊之心知肚明啥意思 高清深圳台
[video, weather]	查看电视录像 几个田今天天气怎么样
[video, train]	刘三姐 查询柳州到昆明的列车
[riddle, health]	我要猜字谜不笨有答案。 湿疹怎么处理？
[tvchannel, health]	c c t v法语频道 失眠怎么办呀
[chat, cookbook]	刚才你说你叫啥来着 西兰花怎么做？
[epg, chat]	中央四频道火箭兜风 小是什么
[chat, video]	你孝顺父母吗 中国新声代
[cookbook, video]	凉拌海蜇怎么做好吃？ 电影私人定制
[bus, translation]	查一下运城到临汾的汽车。 西红柿用英语怎么说
[bus, schedule]	上海到合肥怎么坐汽车？ 设置提醒。
[music, video]	随便给我放几首歌 我想看珍珠港
[chat, website]	你也是什么 上美空网
[cookbook, app]	做红烧鱼的步骤。 打开uc浏览器
[cookbook]	草莓芒果西米露。 扁豆豆角怎么烧？
[cookbook, epg]	葱爆羊肉的做法。 昨天晚上湖南卫视演什么
[video, chat]	我想看变形金刚哦 讲个笑话吗
[app, chat]	我把相机打开 你为啥叫笨笨
[music, lottery]	我想听伤感歌曲 搜索大乐透的中奖号码
[contacts, cookbook]	添加一条通讯录姓名葛勇手机号码189571642496 凉拌菜
[riddle, stock]	来个字谜吗？ 查询濮耐股份的股票
[video, stock]	爱情公约 查寻科大讯飞的股
[video, website]	查找90年代好评的武侠电影 打开苹果香港官方网站
[translation, music]	我们做爱吧用英文怎么说 给我来首好听的音乐
[website, chat]	进你的官网 有体育方面的吗
[app, tvchannel]	打开uc浏览器v八 我想看高尔夫网球频道
[video, chat]	中国合伙人 你来自哪个星球
[cookbook, calc]	炒鸡蛋，需要，哪些材料？ 根号3是多少
[epg, poetry]	国防军事频道2天后播捍卫者 分手时，背一首诗吧？
[message, flight]	给小阳发短信 查一下澳门到吉隆坡的飞机
[chat, music]	你有男朋友吗 随便来首刘德华的歌。
[website, train]	打开河南英东网站 广州去昆明的火车
[video, weather]	喜羊羊与灰太 今天啥天气啊
[flight, radio]	查询一下明天广州到武汉的航班 调频到fm八九八
[translation, chat]	你叫什么名字英文怎么说 你考试挂科怎么办
[stock, chat]	查一下零零零八六八的股票行情 这个没什么吧
[map, epg]	去汽车南站怎么走 湖南卫视明天播什么节目
[cookbook]	做面包的配方。 辣酸菜鱼怎么做了。
[chat, map]	你早上一般几点起床 从我这里到科大讯飞走高速路线
[video, weather]	美国热门的恐怖电影 郑州天气怎么样
[chat]	嗨吃晚饭了吗 汪进祥怎么样
[video, health]	风车第十五集 淋病怎么办
[cookbook, music]	回锅肉做法。 听时间煮雨这首歌
[cookbook, chat]	松菜鱼怎么做？ 有什么钱
[weather, cookbook]	今天啥天气啊 怎么做洋葱炒蛋？
[video, cookbook]	搜索最近的，科幻电影。 意大利面。
[chat]	为什么叫这个名字 还是想知道你能做些什么
[cookbook, tvchannel]	甜酒怎么做？ 我要看下中央六套
[chat, train]	孔宁是不是傻逼 查询柳州到昆明的列车
[chat]	啥叫换手机如换衣服啊 我国是谁
[tvchannel, cookbook]	高尔夫网球 面包的配方。
[chat]	我美么 孔宁是不是傻逼
[telephone, video]	幺三五八四四七零五零二 推理动漫
[chat, radio]	室友秀恩爱怎么办 调幅am六百二十八
[train, message]	帮我查一下赣州到南昌的火车票 发信息给老婆说我不回家吃饭了
[translation, epg]	我喜欢亚楠用英语怎么说 电视台在播什么节目
[epg, video]	什么时候有西游记呢？ 有什么新电影
[poetry, music]	蒋捷的宋词 我想听忐忑这首歌打
[chat, cookbook]	干嘛弄疯你啊😌 陈醋排骨的做法。
[epg, weather]	那中央六台明天演什么节目 今天东莞天气如何
[message, website]	把王建春的电话号码发给张学政 进你的官网
[translation, tvchannel]	晚安的英语 我要看中央五台
[stock, music]	搜索泰亚股份股票 我想听首歌
[video]	最美的时光 我想看董浩配音的动漫
[chat, cookbook]	你喜欢听什么歌曲 烤肉串。
[message, riddle]	给刘西发短信 来一个字谜，二。
[cookbook, chat]	青鱼的做法。 你爸爸好吗
[epg, chat]	现在最好看的电影。 男人好吗
[video, chat]	打开节目搜索 你是不是爱上别人了
[cookbook]	a排骨怎么做好吃？ 嗯，知道红烧肉怎么做？
[schedule, video]	什么时候和张三去步行街 我想看张艺谋导演的电影
[map, cookbook]	导航去科大讯飞 做南瓜饭
[epg, translation]	安安昨天11:07的风华国乐 我不明白用英文怎么讲
[train, chat]	宿州到北京的火车有哪些 呲牙你不是说你好聪明吗
[cookbook, video]	炖肉 满秋
[chat, poetry]	不这样称呼你怎么样呢 唐诗登高。
[weather, flight]	长春的天气 查寻合肥到北京的航班
[app, music]	国际象棋开局 我要点一首小星星
[chat, telephone]	我如果说一句什么你才不会回复 拨打张月华的电话
[video, poetry]	最近有什么科幻电影？ 李清照的诗。
[radio, weather]	帮我调频92.4中国国际广播电台行不行？ 保定天气
[chat, music]	你啥时候出现的 给我放首歌
[riddle, chat]	给我搜索脑筋急转弯。 你咋知道
[riddle, chat]	来个脑筋急转弯儿。 你是不是呆萌啊
[epg, chat]	周二电影。 你为啥叫笨笨
[chat, map]	在哪里出门右转 从这里到市中心怎么走
[tvchannel, contacts]	央视1高清 新建联系人18622625490
[chat, cookbook]	你知道我几岁 红烧鱼块。
[flight, poetry]	明天珠海到青岛的航班 来一首唐诗吗？
[health, video]	胆结石怎样治疗。 给我找最新的盗梦空间
[website, epg]	打开科大讯飞网站 看看今天有什么好看的节目？
[health, train]	颈椎病用什么药物治疗？ 贵溪至泉州的火车票
[app, telephone]	上QQ我 呼叫零二二二九一一四八六
[translation, tvchannel]	我不明白用英文怎么讲 央视综合高清
[stock, contacts]	查寻上海能源的股票 黄狼。
[news, flight]	播新闻，湖南新闻。 到北京的飞机。
[weather, telephone]	株洲的天气怎么样 给金华打电话
[poetry, map]	搜索兰陵王。 松江钢材城在哪里
[weather, epg]	罗山天气 今晚安徽卫视有什么节目
[map]	我想到科大讯飞怎么走 从连云港到北京该怎么走
[chat, poetry]	你是微软小冰吗 搜索古诗绝句。
[video]	苍狼 我想看变形金刚哦
[tvchannel, riddle]	江苏教育台 再来一个脑筋急转弯
[cookbook, translation]	凉拌菜 你叫什么名字英文怎么说
[video, contacts]	我想要看很火的电影 新建联系人姓名张三号码一二三四五六七八
[translation, epg]	今天是个好日子的英文怎么讲 今晚安徽卫视有什么节目
[chat, telephone]	你是不是看不懂啊 呼叫徐媛
[cookbook, music]	做蛋挞怎么做 来一首听你听我
[novel, weather]	我要看饶雪漫的小说左耳 好今天天气怎么样
[news, music]	最近有什么热门新闻了。 王菲传奇。
[email, calc]	发邮件给莹莹说我好困我想睡觉 3的平方除以2的立方的商减去4的平方根的立方
[epg, telephone]	今天湖南卫视的电子节目单 幺三零二三八四七三四二
[chat, video]	必须你说一句我说一句吗 查一下最近有什么电影？
[video, translation]	福尔摩斯 我正在睡觉用英语怎么说
[bus, message]	从杭州到黄山的汽车。 给严巧发短信
[poetry]	背一首，纳兰容若的词。 锄禾日当午，下面一句是什么？
[email, music]	替我查看新邮件 我要听劝化这首歌
[contacts, video]	把侨天慧的号码发给副卡 我想看变形金刚三
[poetry, chat]	背首绝句的。 唉你叫什么名字
[email, tvchannel]	给我打开mail 女性时尚
[calc, train]	3的平方除以2的立方的商等于多少 查看滁州到南京的火车票
[epg, music]	今晚安徽卫视有什么节目 放一首其实我介意
[chat, poetry]	午饭怎么办 我想听首唐诗。
[epg, datetime]	蒽蒽江苏卫视有什么好节目吗？ 植树节是什么时候
[radio, video]	能不能帮我接听中广流行网 甄嬛传高清
[telephone, epg]	打电话 现在有什么好的电视剧。
[cookbook, chat]	说话，给我搜一下做苹果麦片粥是怎么做啊？ 为什么要想你
[email, translation]	替我打开新邮件 一千五英语怎么说
[cookbook, health]	土豆丝是怎么炒？ 。咳嗽
[tvchannel, music]	中央十一台 我要听还是会这首歌
[epg, video]	湖南卫视放什么节目？ 薛平贵与王宝钏
[weather, health]	沈阳今天天气 怎么治疗牛皮癣
[message, news]	发条短信给张亚东 播放最近的新闻。
[video, music]	半夜不要照镜子 我想听莫失莫忘。
[stock, weather]	截止目前银鸽投资股份的市值是多少 罗山天气
[chat]	宝宝你不是很小吗 那那个什么你真是好可爱的小猫呀
[music, tvchannel]	点播爱情买卖 打开浦口新闻综合频道
[train, music]	查一下杭州到鹰潭的火车票 来一首夜夜夜
[chat, email]	不怕啥 替我查看新邮件
[stock, cinemas]	天利 最近的新电影有哪些？
[chat]	你是猪还是牛呀 什么时候去
[poetry, epg]	搜索古诗绝句。 中央一套什么时候有建党伟业
[cookbook, chat]	到了有鲈鱼怎么做？ 你知道水吗
[train, contacts]	潍坊到济南的火车票 查寻标兵的号码
[schedule, telephone]	设置定时关机。 打电话给小女儿
[tvchannel, calc]	女性时尚 2的2次方
[epg, train]	现在有什么好看的电视剧？ 到北京的火车班次
[stock, website]	上海能源这支股票怎么样 激动
[video, weather]	赛罗奥特曼 北流的天气
[translation, video]	去你的用英文怎么说 女人的颜色六十九集
[cinemas, telephone]	给我查一下最近在播哪些电影 我想打电话给李四
[epg, video]	中央六台有什么节目 读心专家
[chat, tvchannel]	你是啥啊 我要看中央五台
[poetry, stock]	仓央嘉措的诗词。 煤炭板块股票查询
[stock, chat]	蓝鹰股票 从哪回来
[flight, website]	明天回广州的航班 浏览一下百度
[cookbook]	昌鱼的做法 我要操虾米的做法。
[cookbook]	说萝卜怎么做？ 辣酸菜鱼怎么做了。
[chat, website]	你不喜欢哪个颜色 打开三星首页
[video, website]	我想看董浩配音的动漫 幻剑书盟
[chat, poetry]	有体育方面的吗 帮我来一首兰陵王。
[calc, train]	根下25 查看滁州到南京的火车票
[chat, tvchannel]	要怎么打你 浙江台
[poetry, epg]	来一句唐诗呗！ 查查13年的一站到底
[chat, message]	哪个饭店好吃 给张克达发短信
[cookbook, chat]	坐宫保鸡丁需要哪些材料？ 笨笨我不喜欢你这个名字你可以给自己换一个么
[message, poetry]	给庄小雷发短信 搜索古诗绝句。
[chat, cookbook]	这么有趣啊 坐宫保鸡丁需要哪些材料？
[video, chat]	给我找最新的盗梦空间 你家在家还是如家
[cookbook]	啥婆豆腐的制作方法 久久鸭怎么做？
[map, chat]	到科大讯飞怎么走更快一些 怎么操作
[poetry, chat]	所以说李白的诗。 丰田车在哪里生产的？
[epg, stock]	爱笑会议室什么时候播放 股票零零零零零二
[cookbook, cinemas]	风魔炒鱼香肉丝。 给我查一下最近在播哪些电影
[app, bus]	把uc打开啊 长沙到怀化的汽车。
[telephone, cookbook]	打电话到飞云 你给我讲讲红烧肉的做法。
[chat, video]	管我什么事 胜者即是正义
[cookbook, telephone]	大闸蟹的做法。 打电话给卢静
[schedule, flight]	设置提醒。 帮我查一下明天南昌到广州的飞机票
[cookbook, poetry]	花格等蛋的做法。 背将进酒。
[riddle, music]	查个字谜。 我要听情动这首歌。
[novel, epg]	给我讲个长篇小说。 搜一下CCTV74月15号播出新编辑部的故事呢
[flight, health]	明天去深圳的飞机 得了灰指甲怎么办？
[music, datetime]	我想听只对你有感觉 看看现在几点几分
[poetry, map]	家，背首沁园春雪。 导航去科大讯飞
[epg]	电影频道明天放什么 现在电视台在放什么节目
[train, chat]	查一下苏州到洛阳的火车票 太阳像个什么
[app, novel]	启动qq浏览器 我要看游戏异界小说
[riddle, chat]	猜个谜语哦。 企鹅啥
[stock, chat]	腾讯公司的股票 你知道我几岁
[weather, cookbook]	告诉我现在北京天气怎么样 蚝油生菜的做法。
[chat, app]	你说啥了 上QQ我
[chat, translation]	完了你和多了你在哪里自己都不知道咯 茶用英语怎么说呀
[map, poetry]	广东省英德在哪里 那你爸给我背一首唐诗了。
[contacts, video]	周慧的电话。 我想看斯皮尔伯格导演的电影
[chat]	笨笨你看过片吗 啥叫换手机如换衣服啊
[schedule, epg]	本周还有什么待办事项 爱笑会议室什么时候播放
[cookbook, poetry]	葫芦鸡怎么做？ 雄关漫道真如铁下一句是什么？
[train, chat]	查询泉州到上海的动车票 你喜欢听什么歌曲
[train, chat]	查一下上海到苏州的火车票 你咋知道
[schedule, chat]	明天早晨8:10的闹钟。 北京下雨了吗你个蠢蛋
[schedule, news]	明早8:10闹钟。 请问一下军事新闻。
[epg, cinemas]	哪个电视台在演叶问。 查找卢米埃银泰电影院有播放什么好看的电影吗
[email, cookbook]	给我写一个新邮件 说话，给我搜一下做苹果麦片粥是怎么做啊？
[chat, epg]	哪个倒霉孩子给你起这个名儿 看看今天有什么好看的节目？
[train, music]	有上海到昆山的火车吗 搜索歌曲公路
[chat, tvchannel]	你需要吃东西吗 女性时尚
[novel, video]	我要看游戏异界小说 海棉宝宝
[datetime, chat]	植树节是什么时候 你愿意做娟的女朋友吗
[video, news]	我想看电影超人 播放最近新闻。
[message]	给晓琴发短信你在干吗 给何建琴发短信
[stock, video]	中国工商银行的股票 魔幻剧
[chat, app]	我女儿想去哪里 打开相机我想你
[radio, chat]	麻烦您能否帮我调频97.1汉中音乐广播电台 不怕啥
[message, cookbook]	发信息给老婆说我不回家吃饭了 炒鸡蛋，需要，哪些材料？
[stock, message]	搜索蒙牛的股市行情 给丹丹发信息我一会儿就回来别等我了
[radio, music]	能帮我收听淄博音乐广播 播放郁可唯的歌
[video, telephone]	情债 你给朴叔打电话
[video, weather]	汉武大帝 合肥明天的湿度如何
[video, chat]	看上周五的爸爸我去哪儿 为什么叫这个名字
[music, video]	唱一首两只蝴蝶。 女人的颜色六十九集
[chat, map]	呲牙你不是说你好聪明吗 湘潭到常德怎么走
[news, chat]	我想听听今天的新闻。 你怎么样会开心
[translation, health]	你去玩手机了吧用英语怎么说 胃溃疡。
[music, lottery]	想听牵手这首歌 双色球的开奖号码是多少？
[stock, chat]	宏达高科的股票跌了没有 刘一佳是谁
[video, health]	有什么新电影 包皮过长，怎么办？哦。
[schedule]	查看最近的日程 明天早晨8:10的闹钟。
[chat]	你为什么这么开心 今天天气怎么
[poetry]	李白的静夜思怎么读？ 雄关漫道真如铁下一句是什么？
[cookbook, weather]	恒宇乐活鱼怎么做的好吃的回复哦，你。 天气好不好啊
[music, video]	放首陈奕迅的十年 搜索电影晚秋
[chat]	你只会说这些吗 为什么工数大物学不会
[video, calc]	死亡复生 3的平方除以2的立方的商的倒数
[cookbook, news]	咖喱牛腩怎么做 总计今天的新闻。
[epg, chat]	什么电视台什么时间有转播仁心解码2 这是谁唱的歌？
[video, email]	90年代林心如演的电视剧 给我写一个新邮件
[video, chat]	我的幸福 微信是干啥的
[health, cookbook]	怎么治感冒？ 烤牛排怎么做？
[datetime, train]	旧金山几点几分 查一下兰州到成都的火车票
[chat, email]	你会做菜吗? 我要写条新邮件
[chat, epg]	我是你什么人 搜索湖南卫视直播。
[poetry, health]	嫁鸡随鸡下面一句是什么？ 失眠怎么办呀
[video, epg]	开心大冒险 书画频道上周六有开始非诚勿扰么
[poetry, cookbook]	背一下春晓孟浩然。 你酸辣土豆丝怎么做？
[cookbook, video]	如何做芝麻糊。 我要当八路军
[stock, poetry]	看一下中式传媒股票的涨跌幅 那就来一首李白的诗词吗？
[map, chat]	六安市飞云卫生院在哪里 我说什么
[tvchannel, message]	陕西二套 发短信给刘文说明天下午五点有聚会
[video, cookbook]	刘诗诗主演过的电影 海星的做法。
[map, epg]	查一下沿途的科大讯飞 焦点访谈什么时候播
[map, bus]	上海到苏州 上海回合肥怎么坐汽车
[stock, chat]	包钢稀土股票价格 你愿意做娟的女朋友吗
[epg, app]	看中央七频道讲武堂节目 赶集
[train]	从合肥到北京的列车 帮我查询一下温州到上海的火车
[chat, stock]	为什么要想你 上海宝钢股票
[chat, train]	漂亮和丑你是哪个 帮我查询一下温州到上海的火车
[cookbook, cinemas]	米粉怎么炒？ 搜索合肥左岸国际电影城。
[weather]	亳州天气 苍溪的天气
[app, telephone]	开启通讯录 幺三五八四四七零五零二
[chat, map]	你在哪里上学啊 宁波机场在哪里
[match, chat]	广州恒大的赛程。 呲牙你不是说你好聪明吗
[flight, translation]	查一下从南京到上海的航班 橙子的英文怎么说
[chat, cookbook]	这么聪明 土豆烧肉。
[flight, bus]	查询后天成都到伦敦的航班 从温州到西安的汽车。
[tvchannel, weather]	东方台 长春的天气
[datetime, chat]	还有多少分钟12点 可是我问你啥都听不懂啊
[poetry, music]	给我来首绝句。 播放眼色
[chat, map]	现在在哪 合肥的大润发在哪
[cookbook, schedule]	如何做煎饼。 设定闹钟。
[video, app]	最近有什么好看得 搜索京东商城
[chat]	你喜欢吃便便吗 你爸爸好吗
[message, chat]	给严巧发短信 我美么
[tvchannel, video]	远教四台 爱情公约
[tvchannel, message]	就是很想看一下大众影院 给何建琴发短信
[novel, train]	郭敬明的爱情小说《悲伤逆流成河》 明天南京到徐州的火车
[cookbook, chat]	铁板烧怎么做？ 水里有什么
[epg, datetime]	上周六发现之旅有演星跳水立方呢 植树节是什么时候
[tvchannel, app]	帮我打开c c t v五 打开会说话的汤姆猫
[map, tvchannel]	我所在地理位置 北京财经
[translation, telephone]	翻译共产党员 打电话
[cookbook, chat]	蚝油生菜的做法。 谁骂你
[health, chat]	得了灰指甲怎么办？ 你平时吃什么
[tvchannel, video]	电子竞技场 看电影啊
[tvchannel, chat]	哦我想看中央一台 嘿干嘛呢
[video, news]	来点张艺谋出演的节目 姨，最近有什么新闻。
[radio, video]	麻烦您可不可以帮我调频99.3嘉善人民广播电台 看空霸
[map, health]	查一下到长途汽车站去的最省钱的线路 近视眼怎么治疗
[schedule, epg]	取消明天的闹钟 央视三台现在播放什么节目
[telephone, video]	给万结打电话 我想看周星驰的喜剧电影喜剧之王
[weather, cookbook]	今天东莞天气如何 做面包的配方。
[telephone, video]	呼叫零二二二九一一四八六 播放神话
[train, poetry]	查下温州到杭州的火车票 那就来一首李白的诗词。
[train, cookbook]	贵阳至长沙的火车票 水果沙拉怎么做？
[music, epg]	我想听蔡依林的倒带这首歌 搜索电视剧爱情悠悠药草香在哪个频道首播？
[cookbook, weather]	酸菜鱼怎么煮啊？ 常州天气预报
[tvchannel, map]	福建电视台 华晶小学在哪里
[chat, flight]	A是什么 后天去武汉的航班
[chat, poetry]	我在韩国你在哪里 说一首唐诗吧！
[chat, flight]	谁美 从威海到苏州的飞机
[video, website]	想看韩剧 新蛋网
[riddle, weather]	脑筋急转弯呗！ 查看一下天气预报
[cookbook, telephone]	孙翠鱼怎么做？ 打电话给张志国
[map, cookbook]	从二手车市场到八一广场怎么走 鱼香肉丝，怎么做？不？
[video, poetry]	美国恐怖电影 给我来首绝句。
[poetry, chat]	来is，来一首采莲。 你研发团队有些谁
[cookbook, app]	你酸辣土豆丝怎么做？ 把我打开UC浏览器
[flight, message]	请查询一下深圳飞往上海的航班 发短信给刘文说明天下午五点有聚会
[chat, video]	我给你打电话行吗 香港杜琪峰导演的喜剧孤男寡女
[video, bus]	薛平贵与王宝钏 从聊城到东营的车。
[chat, telephone]	绿色的啥 打给曾玮文
[map, radio]	鹰潭到景德镇 调频到fm八九八
[chat, telephone]	聊不下去了怎么办 呼叫鹏鹏
[tvchannel]	帮我调转到风云音乐频道 海南旅游卫视
[video, stock]	胜女的代价电视剧 招商银行港股的股价
[epg, health]	给我查一下什么时间有播放天天向上 肾积水怎么治？
[chat, translation]	叶哲是你的谁 你怎么了英文怎么讲
[train, chat]	查查一下连江到湛江的火车票 你是不是爱上别人了
[chat, stock]	这是啥 科大讯飞昨日成交价
[chat, tvchannel]	你们好吗 西藏卫视
[translation, video]	出租车的英文怎么说 胜女的代价电视剧
[chat, train]	青蛙在做什么 从合肥到北京的列车
[video, chat]	我想看喜羊羊 你认识siri吗
[chat]	谁跟你说没对象了 白天干什么
[cookbook, weather]	久久鸭怎么做？ 奥克兰的天气
[message, chat]	给丹丹发信息我一会儿就回来别等我了 李亚丽的工作是什么
[chat, novel]	那那个什么你真是好可爱的小猫呀 我要看魔法神话小说
[telephone, cookbook]	打电话给胖头 水饺的做法。
[poetry, cookbook]	古诗长恨歌。 辣酸菜鱼怎么做了。
[video, map]	搞笑的鬼片 上海到苏州
[cookbook]	白灼菜心怎么做？ 鱼肉怎么做？
[video, stock]	想唱就唱 查寻天龙集团的股票
[chat, cookbook]	你哪人啊 松菇鸡汤的做法。
[calc, cookbook]	15加上2的平方 酸菜是怎么做的可以用塑料布。
[video, telephone]	幻影忍者 打电话给幺三二三五六二零二五五
[cookbook, map]	牛肉面，哦。 湖里公园在哪里
[music, chat]	来一首月亮惹的祸 ﻿你好慢吗！
[poetry, cookbook]	念首诗听一下。 怎么炒南瓜？
[tvchannel, chat]	老故事 笨笨生气了吗
[tvchannel, news]	中央八 讲点新闻
[music, cookbook]	我想听11年，这首歌哦。 炒鸡蛋，需要，哪些材料？
[music, novel]	我要听劝化这首歌 最近好看的小说
[chat, weather]	你好女儿这几天有空整理了一下日本她想去的地方麻烦看一下去这些地方大约几天是否可行报价多少非常感谢 宁波天气情况
[stock, tvchannel]	查寻科大讯飞的股 江苏影视
[map, video]	湖里公园在哪里 中国合伙人
[chat, tvchannel]	怎么不懂讲晚安呢 哦我想看中央一台
[cookbook, chat]	猪舌头怎么做比较啊子？ 可是我问你啥都听不懂啊
[chat, cookbook]	你不是猪吗 豆腐花的做法。
[video, cookbook]	铁甲威虫 有什么特色美食。
[chat, tvchannel]	蒋能能是谁 我要看下中央六套
[video, cookbook]	我想看斯皮尔伯格导演的电影 故宫鱼怎么做？
[chat, app]	你咋知道 把uc打开啊
[video, cookbook]	乌鸦二电视没 说萝卜怎么做？
[lottery, video]	我要买彩票。 中国新声代
[weather, cookbook]	明天赣州什么天气 葱爆羊肉的做法。
[news, cookbook]	零七播报新闻。 葱烧海参怎么做
[chat]	谁为含愁独不见 为什么叫这个名字
[tvchannel, chat]	浙江台 你喜欢喝什么茶呀
[chat, train]	一年和吗 查看滁州到南京的火车票
[poetry, flight]	唐寅的诗。 查询广州到海南的航班
[cookbook, datetime]	西兰花怎么做？ 还有多少天过年
[stock, telephone]	讯飞科技股票价格 四八七三一六六
[cinemas, video]	最近有什么新片子？ 开心大冒险
[chat, news]	你来自哪个星球 今天东莞新闻。
[cinemas, cookbook]	那你查一下最近的热门电影是什么？ 意大利面。
[website]	进入讯飞官网 赶集网
[message, chat]	给刘三发短信说我今天没有空 你能帮我写作业吗
[weather, email]	武汉的明天天气 替我查看新邮件
[website, flight]	苏宁易购 明天去深圳的飞机
[cookbook, chat]	披萨的做法 谁骂你
[message, video]	发短信给张三我明天去北京 甄嬛传高清
[chat, app]	你出生在哪 打开qq找杨佳艺
[cookbook, chat]	猪肉怎么做？ 干嘛去？
[novel, train]	搜索小说校园全能高手。 广州到南宁的火车
[tvchannel, epg]	宁波一台 周二电影。
[calc, datetime]	54的立方再加上35 还有多少天过年
[train, map]	查一下那个南京到昆明的火车 我们现在在什么地方
[contacts, chat]	新建联系人买当唠4008 517517 你想他干嘛
[weather, app]	天气桂林 把uc打开啊
[match, schedule]	中超A组比赛结果分别是多少 设定闹钟。
[epg, poetry]	东方高清台的节目单 搜索古诗绝句。
[chat]	我在想怎么回去比较好 那你现在可以干啥
[app, telephone]	搜索声控安卓软件 打电话给幺三二三五六二零二五五
[train, weather]	帮我查一下洛阳到赣州的火车 巴中的天气
[train, health]	查询安阳到郑州的动车 甲亢。
[chat]	你成长了多少 你睡午觉吗
[cookbook, email]	牛骨汤 我想写一个新邮件
[video, chat]	搜索逃学威龙第二部 有什么钱
[novel, health]	我要看魔幻学院小说 得了灰指甲怎么办？
[poetry, video]	读一首唐诗。 看上周五的爸爸我去哪儿
[train, health]	查一下到洛阳的高铁 甲亢怎么办？
[weather, map]	天气好不好啊 到郑州火车站
[chat, novel]	怎么调用QA 郭敬明的爱情小说《悲伤逆流成河》
[stock, cookbook]	科大讯飞昨日成交价 番红烧肉的做法。
[chat]	你觉得脚踏两只船怎么样 你来自哪个星球
[video, epg]	北疆战士 爱笑会议室什么时候播放
[website, chat]	现在打开你的官网 你研发团队有些谁
[message, chat]	发短信给幺零零八六内容是十一 汪进祥怎么样
[cookbook, flight]	我想知道皮蛋瘦肉粥是怎么做的 济南到汉中的飞机票
[chat, cookbook]	库里是不是傻 馄炖怎么做？
[translation, chat]	我今天去北京了英语怎么说 我是学渣吗
[cookbook, match]	白切鸡怎么做啊？ 我想看足球中超，第25轮的比赛时间。
[datetime, video]	现在几号 李瑞英主持的最新的新闻节目
[poetry, train]	锄禾日当午，下面一句是什么？ 查一下南昌到南京的火车
[train, chat]	广州到南宁的火车 现在不是这个时候大好吗我的大还有没有什么时光网
[cookbook, translation]	麻辣烫做法。 香蕉用英语怎么讲
[map, telephone]	宁波机场在哪里 呼叫鹏鹏
[contacts, poetry]	把许琦彪的号码发给徐鹏 诗词满江红。
[video, datetime]	最近有什么影片？ 哪天清明节
[epg, music]	河南卫视节目单。 放歌，天亮了。
[poetry]	给我背个李白的诗。 说一首唐诗吧！
[cookbook, weather]	你真笨，是四喜丸子怎么做了。 天气南京
[video, news]	查询神鬼认证 总计今天的新闻。
[flight, riddle]	7月30号去深圳的航班。 爆笑谜语
[music]	特莫文蔚的阴天。 搜索电视剧插曲
[music, chat]	播放眼色 那我要怎么做
[chat, telephone]	怎么对 听电话
[cookbook, radio]	冷面的做法。 能不能帮我接听中广流行网
[video, website]	智慧树 但是我想上腾讯网
[message, video]	给德师傅发短信 刘三姐
[video, weather]	小兵张嘎电影儿 苍溪的天气
[chat]	你都会啥啊 你认识吗
[epg, video]	查查13年的一站到底 狄仁杰之通天帝国视频
[tvchannel, lottery]	AXN 我要购买七乐彩
[video, map]	我想看周星驰的喜剧电影喜剧之王 导航到建八路
[chat, news]	我说什么 零七播报新闻。
[poetry, cookbook]	朗读咏雪 麻辣烫做法。
[cookbook, chat]	排骨怎么弄才好吃？ 你需要吃东西吗
[tvchannel, novel]	切换到a t v 搜索小说校园全能高手。
[music, telephone]	我想听求佛。 打电话给小女儿
[cookbook, video]	陈醋排骨的做法。 播放神话
[message, cookbook]	发信息给许路雨 草莓芒果西米露。
[chat, poetry]	你都能回答我什么问题 江山有奇峰，下一句。
[weather, novel]	帮我查一下赣州的天气明天呢 查找校园小说沙漏第二部
[map, poetry]	带我去丹阳市眼镜市场 满园花菊郁金黄的下一句是什么？
[chat, map]	图灵机器人也不知道是什么耶 查一下到长途汽车站去的最省钱的线路
[riddle, chat]	也来个灯谜吗？ 麻辣串应该是四川的吧不是哈尔滨的哈尔滨应该吃的是不胖葫芦吧对不对还是北京啊
[calc, website]	3的平方除以2的立方的商减去4的平方根的立方 打开三星首页
[flight, poetry]	查寻合肥到北京的航班 不是花中偏爱菊的下一句是什么？
[video, novel]	劲爆在车 最近好看的小说
[chat, contacts]	你谈过吗 新建联系人买当唠4008 517517
[map, datetime]	导航到山东省菏泽市王浩屯镇 看看现在几点几分
[website, cookbook]	摩尔勇士 卤猪蹄怎么做？
[health, stock]	白带异常。 查下银星能源股票
[poetry, music]	背将进酒。 听时间煮雨这首歌
[chat, telephone]	你爸爸好吗 打电话给小女儿
[chat]	都有啥啊 现在不是这个时候大好吗我的大还有没有什么时光网
[tvchannel, lottery]	安徽综艺 搜索七乐彩的公示号码
[epg, chat]	看看今天有什么好看的节目？ 从哪回来
[message, music]	发短信给叶少云晚上要不要出去玩 给我随便来几首歌
[news, cookbook]	听新闻，姨。 然后等你杀猪菜怎么做？
[cookbook]	腊鱼。 葱爆羊肉的做法。
[message, cinemas]	发短信给贤想快点给我送早饭开门我饿死了 电影院有什么电影？
[video, poetry]	歧路兄弟 再来背一首毛泽东的诗词。
[website, chat]	但是我想上腾讯网 笨笨真的会聊天吗
[health, email]	沙眼。 替我打开新邮件
[news, message]	钓鱼岛事件。 给原波发短信
[video, chat]	最近有什么好电影吗？ 你是男机器人还是女机器人
[chat, flight]	哎，你还是没有上下文啊 帮我查一下广州到长沙的航班
[email, music]	帮我写个邮件 我要点一首小星星
[lottery, video]	我要购买七乐彩 胜者即是正义
[epg, chat]	湖南卫视娱乐节目。 你的性别是什么
[video]	请帮我放一下剩女保镖 电影中国合伙人
[novel, message]	《武动乾坤》 给小阳发短信
[chat]	谁傻 我是学渣吗
[video, train]	妈妈的花样年华 厦门到赣州的火车票
[email, tvchannel]	我要回复这条邮件 江苏教育台
[map, cookbook]	华晶小学在哪里 怎么做炸鸡腿？
[cinemas, music]	有没有新出的电影了。 我想听只对你有感觉
[radio, video]	调幅am六百二十八 陈真
[poetry, chat]	李白的诗词 散货演绎的作者是谁？
[chat]	你怎么知道我不知道 你读几年级了
[video, news]	独立纵队电视剧 有什么重要新闻吗？
[contacts, train]	查看婷婷的号码 广州到南宁的火车
[stock, telephone]	我要查股票 给万结打电话
[poetry, flight]	来一首纳兰性德的词。 帮我查一下杭州到长春的飞机航班
[bus, weather]	从合肥到上海可以到哪坐车？ 常州天气预报
[train, contacts]	贵溪至泉州的火车票 添加一条通讯录姓名葛勇手机号码189571642496
[app, news]	有道词典 播放最近新闻。
[cinemas, news]	搜索一下热门电影。 有什么重要新闻吗？
[chat, match]	你的啥啊 广州恒大的赛程。
[cookbook, flight]	西红柿炒蛋怎么煮？ 明天回广州的航班
[cookbook, chat]	卤猪蹄怎么做？ 青蛙在做什么
[lottery, music]	帮我查一下15选5开奖结果 我想听11年，这首歌哦。
[map, app]	到公园怎么走 帮我开捕鱼达人
[map, stock]	从连云港到北京该怎么走 上海宝钢股票
[chat]	卧槽一个答非所问的AI有什么用 那你梦想是什么呢
[cookbook, train]	鱼肉怎么做？ 帮我查一下赣州到杭州的火车票
[message, cookbook]	发送短信给东莞李月华就说今天赶紧回来 做面包的配方。
[cookbook, message]	干锅排骨怎么做？ 发短信给幺五八三七五幺幺幺四幺
[chat, cookbook]	啥时候长大啊 土豆粉怎么做？
[tvchannel, epg]	西藏卫视 看看今天有什么好看的节目？
[music, cookbook]	我想听周杰伦的菊花台 到了有鲈鱼怎么做？
[chat, app]	那你最爱的人是谁 搜狗
[app, poetry]	打开个性闹钟 ok好，来首李白的诗词。
[music, datetime]	播放断点 现在星期几
[novel, health]	我要看校园小说致我们终将逝去的青春 怎么治疗牛皮癣
[video, radio]	大头儿子小头爸爸 帮我调频92.4中国国际广播电台行不行？
[riddle, message]	爆笑谜语 给杨燕姐发短信
[chat]	你不是人吧我怎么觉得你是人呢 对了吗
[train, bus]	枣庄到淄博的火车票 从杭州到黄山的汽车。
[tvchannel, cookbook]	中国教育电视台三台 馄炖怎么做？
[website, chat]	看网易财经 你忍心吗
[news, message]	我想今天新闻最近有什么新的新闻？ 给杨斌发短信
[cookbook, match]	有什么特色美食。 广州恒大的赛程。
[calc, message]	十二与32的积是多少 给杨斌发短信
[tvchannel, bus]	CCTV6电影高清 济南去聊城的汽车。
[cookbook, video]	夫妻肺片怎么做？ 杨幂演的恐怖片
[music, cookbook]	播放老婆最大。 瞌睡鱼怎么做？
[bus, video]	济南去聊城的汽车。 智慧树
[chat, map]	为什么欺负你 讯飞语点我现在在哪里
[weather, poetry]	鄱阳县的天气 我背一下春晓。
[flight, weather]	南昌到广州飞机票 查一下明天福州的天气
[video, stock]	看动物卡通 搜索中国移动的股市行情
[video, match]	换到米老鼠 7月13号广州恒大俱乐部的比赛有哪些
[chat, contacts]	笨笨生气了吗 新建联系人张三电话号码一二三四五
[flight, chat]	从威海到苏州的飞机 我没去哪儿啊
[train, message]	后天上海到烟台的火车 我现在要发一条信息
[chat, lottery]	然后你转了么 查看大乐透玩法的开奖
[chat, poetry]	想去哪 分手时，背一首诗吧？
[chat, lottery]	力气大的蚂蚁在干什么 大乐透的开奖情况
[poetry, cookbook]	江山有奇峰，下一句。 怎样蒸排骨最好吃的。
[website, poetry]	上百度网站 何以解忧的下一句是什么？
[chat, music]	你喜欢有钱人吗 给我来首好听的音乐
[website, chat]	聚友网 还是不用了吧
[weather, chat]	临沂的天气 林芝吃什么
[poetry, app]	你给我念一首李白的诗。 钛备份
[chat]	谁在买扇子 你希望我分手吗
[chat, video]	这个新闻有意思吗 花开半夏
[video, map]	英雄本色电影 我们现在在什么地方
[weather, calc]	我想知道深圳明天的天气 2平方
[chat, stock]	卖啥呀 美菱电器的昨日收盘价是多少
[contacts, website]	黄狼。 进入讯飞官网
[video, music]	最近的科幻大片儿，有什么？ 播放歌曲再见青春
[chat, poetry]	你是不是被我弄疯了 背首绝句的。
[tvchannel, chat]	打开珠江台 哪有雪
[stock, poetry]	查寻天龙集团的股票 我要听李白的诗。
[health, epg]	。咳嗽 今晚安徽卫视有什么节目
[news, tvchannel]	加，听新闻。 我要看中央五台
[chat, train]	你还能做什么 帮我查一下广州到深圳的火车
[poetry, stock]	哪里香我来一首李白的诗。 章源钨业
[lottery, map]	搜索七乐彩的公示号码 去汽车南站怎么走
[contacts, cookbook]	新建联系人王满秀幺三七 六四零七零二九五 水饺的做法。
[chat, translation]	企鹅啥 我今天去北京了英语怎么说
[music, chat]	给我随便来几首歌 我说什么
[datetime, chat]	看看现在几点几分 你睡午觉吗
[news, message]	多想听新闻，哦。 发短信给幺五八三七五幺幺幺四幺
[news, flight]	请给我讲一下今天的新闻吧！ 查一下从南京到上海的航班
[chat, cookbook]	你认识微软小冰吗 我要操虾米的做法。
[bus, cookbook]	请查询天津市到哈尔滨的车。 酸菜是怎么做的可以用塑料布。
[chat]	不想上班怎么办 你喜欢听什么歌曲
[bus, map]	从温州到西安的汽车。 帮我找到去安徽黄山的路
[chat, novel]	你有绳命吗 我要看古言小说
[cookbook]	怎么样？做红烧肉。 草虾尾怎样做。
[cookbook]	嘉兴粽子。 如何做煎饼。
[cookbook, poetry]	人造鸡蛋的配方。 仓央嘉措的诗词。
[chat, tvchannel]	我说不怎么喜欢吃辣的 吉林电视台
[health, flight]	包皮过长怎么办啊？你。 济南到汉中的飞机票
[telephone, chat]	给小鱼打电话 我帮妈妈洗什么
[stock, cookbook]	青岛海信股票 自演艺，羊肉怎么做？
[cookbook, weather]	酸菜鱼怎么做啊 大连天气
[cookbook, video]	黑菜扣肉的做法告诉我一下啊！ 蓝精灵电影
[health, chat]	近视眼怎么治疗 男朋友总借钱怎么办
[map, video]	松江钢材城在哪里 我想看周星驰的喜剧电影喜剧之王
[chat, contacts]	我前任男朋友你猜是什么职业 新建联系人18622625490
[flight, poetry]	查询厦门到武夷山的航班 何以解忧的下一句是什么？
[chat, match]	微信是干啥的 中超比赛，结果。
[chat, telephone]	你能干嘛？ 给幺零零幺零打电话
[lottery, telephone]	看一看大乐透的信息 四八七三一六六
[chat, stock]	对了吗 搜索中国移动股票
[calc, chat]	2的2次方 那你梦想是什么呢
[schedule, poetry]	另一个8:10的闹钟。 那你背首唐诗给我听。
[weather, tvchannel]	洛阳的天气 打开珠江台
[tvchannel]	高淳转播2 打开珠江台
[cookbook, video]	炒四季豆。 2013年的警匪电视剧
[video, website]	地心历险记二 把我打开淘宝的网页
[map, tvchannel]	移动公司在哪里呀 北京财经台
[chat]	刘一佳是谁 你怎么不害羞呀
[message, video]	给姐姐发短信我今天晚上晚点回去你就别等我吃饭 看乡村爱情
[train, chat]	厦门到福建建阳的火车是几点呢 你是不是啥
[cookbook, poetry]	的，酸菜鱼怎么做？怎么？ 家，背首沁园春雪。
[chat, epg]	你会下象棋吗 收看安徽卫视节目。
[bus, chat]	从中山到西安的汽车。 谁跟你说没对象了
[stock]	股票零零零零零二 煤炭板块股票查询
[chat, website]	你知道叶哲是谁吗 现在我也想上新浪网了
[cookbook, chat]	过油肉土豆片怎么做？ 怎么这么多鸡汤
[music, message]	来首只爱你一个。 给杨斌发短信
[translation, chat]	阴精英语怎么说 提是谁
[app, map]	打开相机我想你 移动公司在哪里呀
[map, cookbook]	我们现在在什么地方 酸菜是怎么做的可以用塑料布。
[poetry, video]	张，来首白居易的诗。 最近的科幻大片儿，有什么？
[video, epg]	魔幻剧 查查13年的一站到底
[health, chat]	如何治疗龟头炎。 你认识我吗
[news, chat]	今天惠州新闻。 哪年呀
[cookbook, message]	水果沙拉怎么做？ 发信息给苏建江
[video, chat]	找一下詹姆斯卡梅隆拍的电影 能介绍一下吗
[weather, cookbook]	查一下明天福州的天气 白面粉可以怎样做饼？
[chat, epg]	白天干什么 chc高清电影昨天晚上的节目
[weather, chat]	明天的天气 诗中共出现了几种颜色
[website, telephone]	索尼爱立信官网 打电话给张志国
[epg, music]	我回去看昨天晚上播出的爸爸去哪儿31频道 我听首歌
[cookbook, video]	菠萝咕老肉的做法 劲爆在车
[calc, chat]	3的平方除以2的立方的商的倒数 你的啥啊
[music, flight]	帮我找一首我的好兄弟 从威海到苏州的飞机
[poetry, weather]	那就来一首李白的诗词。 洛阳的天气
[cookbook, video]	馄炖怎么做？ 刑侦电视剧
[chat, poetry]	是谁开发了你 背一首，纳兰容若的词。
[chat, novel]	直接点什么时候找到对的他 我要看免费的小说。
[cookbook, chat]	狗肉怎么做？ 你平时吃什么
[weather, cinemas]	北流的天气 搜索一下热门电影。
[flight, poetry]	从厦门到昆明的飞机 查一首古诗，武林春。
[tvchannel, video]	我想看高尔夫网球频道 查看电视录像
[weather, website]	明天的天气是是什么 索尼爱立信官网
[chat]	can you speak English? 你为什么这么开心
[chat, epg]	麻辣串应该是四川的吧不是哈尔滨的哈尔滨应该吃的是不胖葫芦吧对不对还是北京啊 现在电视台在放什么节目
[match, calc]	北京国安的赛程。 2平方
[stock, chat]	科大讯飞今天的股票 哎，你还是没有上下文啊
[stock, chat]	查询东吴证券的股票 你睡午觉吗
[video]	看千金归来第五集 给我找最新的盗梦空间
[email, chat]	发邮件给晶晶 怎么操作
[chat, telephone]	你说啥呢 打电话给幺三八八九六七五八六七
[telephone, chat]	打电话给幺三八八九六七五八六七 你家在家还是如家
[weather, cookbook]	今天全椒天气怎么样 做面包的配方。
[cookbook, news]	秋葵怎么做？ 美国最近有什么新闻
[riddle]	啊脑筋急转弯啊 来一个字谜，二。
[email, telephone]	帮我写一封邮件 幺三五八四四七零五零二
[datetime, chat]	查询日期 讲个笑话吗
[cookbook, stock]	不蒸了牛肉丸 中水渔业的股票
[video]	13年的电影 查最近的电影。
[video, poetry]	文娱播报 李白的静夜思怎么读？
[video, chat]	我想看爱情闯进门 绿色的啥
[contacts, message]	查寻标兵的号码 给杨燕姐发短信
[novel, translation]	网上最火的小说有哪些 小说英语怎么说
[app, chat]	帮我开捕鱼达人 怀化吃什么
[chat, map]	哪年呀 到科大讯飞怎么走更快一些
[app, chat]	金山词霸 唱一下你是谁
[flight, datetime]	上海到淮安的飞机 元宵节还有几个星期
[epg, schedule]	现在中央一台在播什么节目？ 什么时候和张三去步行街
[flight, cookbook]	搜索武汉到南京的机票 酱茄条做法。
[novel, translation]	我要看古言小说 你今天去了哪里用英文怎么讲
[epg, map]	现在有什么好的电视剧。 南京火车站到南京农业大学
[train, cinemas]	查一下兰州到成都的火车票 最近有什么新上映的电影啊？
[stock, tvchannel]	陈娴TCL股票是涨还是跌了 高清深圳台
[tvchannel, epg]	高清央视综合频道 我要看湖南卫视快乐大本营
[chat, map]	我是学渣吗 移动公司在哪里呀
[telephone, cookbook]	打电话给幺三二三五六二零二五五 干豆角怎么烧？
[chat, telephone]	你说啥呢好恶心 呼叫徐媛
[chat, flight]	北京下雨了吗你个蠢蛋 去北京有什么飞机
[cookbook, match]	爆炒猪肝怎么做？ 广州恒大亚冠联赛，比赛时间。
[cookbook]	烤肉串。 手抓饼的做法。
[epg, lottery]	北京台有什么好电视 我要买彩票。
[chat]	杜雨萌学姐是谁 什么评论呀
[video, music]	美好的时代 随便来首刘德华的歌。
[chat, weather]	你读几年级了 几个田今天天气怎么样
[calc, cookbook]	45的三次方 排骨怎么弄才好吃？
[schedule, stock]	每天8:10起床。 通宝能源股票
[radio, music]	麻烦您可不可以帮我调频98.5扬州人民广播电台新闻台 放首歌听一下你好
[health, video]	肩周炎怎么治？ 那么最近有什么好电影呢？
[website, health]	新浪汽车 肾积水怎么治？
[chat]	你爱玩吗那我也不要听你话了吗 你希望我分手吗
[chat, cookbook]	你会骂人么 土豆的做法
[cookbook, chat]	白面粉可以怎样做饼？ 干嘛去
[schedule, music]	提醒我8:10起床。 来一首解脱
[tvchannel, poetry]	北京财经 ok好，来首李白的诗词。
[news, flight]	我看看现在的最新新闻是什么？ 查一下澳门到吉隆坡的飞机
[chat]	喝酒吗 这么夸张
[chat, video]	何超盈是谁 看中国好声音
[cookbook, contacts]	小杰炖蘑菇怎么做？ 新建联系人天天
[chat, poetry]	什么东西 给我背个李白的诗。
[tvchannel, calc]	央视精品节目 根号3是多少
[video]	帮我打开步步惊心 喜羊羊与灰太
[website, cookbook]	我想看一下凤凰网 牛肉面，哦。
[chat, schedule]	干嘛去？ 明天上午8:10叫我起床。
[news, epg]	听听新闻。 今天电影频道演什么
[news, poetry]	播放最近新闻。 李白的将进酒。
[video, message]	看乡村爱情 发短信给啊妈说车票买到了
[cookbook, stock]	醉虾的做法。 陈娴TCL股票是涨还是跌了
[music, video]	来首我的未来不是梦 想唱就唱
[poetry, cookbook]	满园花菊郁金黄的下一句是什么？ 虾炒蛋怎么做？
[chat, novel]	你是男生还是女生 可以找一下浪漫满屋的小说
[stock, cookbook]	章源钨业 民间小炒肉的做法。
[stock, chat]	查询一下讯飞科大今天的股票 这不是你的名字吗😂
[telephone, video]	打电话给陈雷 狄仁杰之通天帝国视频
[poetry, translation]	何以解忧的下一句是什么？ 你今天去了哪里用英文怎么讲
[poetry, news]	朗诵诗词。 最新的新闻播报一下
[chat]	我上课骂了学生怎么办 你来自哪个星球
[stock, calc]	美菱电器的昨日收盘价是多少 123和34的和等于多少
[video, train]	2013年的警匪电视剧 枣庄到淄博的火车票
[cookbook, music]	冰糖葫芦怎么做？你？女子。 我想听首歌
[cookbook, chat]	山寨鱼怎么做？ 杜雨萌学姐是谁
[chat, tvchannel]	一晚多少钱 中央台五套
[radio, weather]	一起听听新疆人民广播电台 明天赣州什么天气
[app]	百度百科 国际象棋开局
[chat, news]	你是男是女还是人妖 播新闻，湖南新闻。
[weather, stock]	宁波天气情况 腾讯股票昨日收盘价
[cookbook, message]	红烧鱼块。 发短信给上海浦东发展银行　95528
[chat, message]	唱一下你是谁 给青发短信
[chat, novel]	张思文是不是大美女 我要看校园小说致我们终将逝去的青春
[chat, train]	你能帮我写作业吗 广州到孝感的火车
[epg, video]	我昨天晚上的今日关注 斯皮尔伯格导演的电影
[telephone, email]	给金华打电话 帮我写一条新邮件
[poetry, flight]	背首静夜思来听一下。 查询广州到海南的航班
[cookbook, website]	怎么做洋葱炒蛋？ 四川新闻网
[poetry, cookbook]	床前明月光下一句是怎么说 不蒸了牛肉丸
[app, cookbook]	打开sky电话 做蛋挞怎么做
[email, cookbook]	我想要转发这封邮件 草虾尾怎样做。
[music, poetry]	播放歌曲再见青春 那你给我背一首唐诗吧！
[flight, tvchannel]	去北京有什么飞机 CCTV6电影高清
[translation, website]	睡觉用英文怎么说 我要打开百度
[music, lottery]	我听首歌 搜索大乐透的中奖号码
[epg, chat]	昨天的北京新闻 会英文吗
[chat, website]	为什么你是机器人 打开科大讯飞网站
[cinemas, translation]	查询恒光电影院即将上映的电影 你怎么了英文怎么讲
[chat, video]	是说我好吗我逗你玩儿 妈妈的花样年华
[stock, chat]	查下银星能源股票 ﻿你好慢吗！
[news, health]	看一下今天早上新闻。 梅毒怎么治疗？
[epg, calc]	找找非诚勿扰什么时候结束 3的平方除以2的立方的商的倒数
[train, health]	查寻来宾到柳州的火车 肩周炎，要怎么治疗。
[epg, app]	BTV北京频道打狗棍 打开应用漫画
[cookbook, train]	我要操虾米的做法。 北京到镇江的火车
[chat, email]	哪有雪 帮我写个邮件
[chat, video]	干嘛好 要看名侦探柯南
[chat, calc]	这个没什么吧 54的立方再加上35
[match, tvchannel]	7月13号广州恒大俱乐部的比赛有哪些 中国教育电视台三台
[video, app]	有你才幸福 酷狗音乐盒
[poetry, bus]	来一首咏柳。 吉林到大连的车。
[video, epg]	女人的颜色六十九集 北京台有什么好电视
[translation, epg]	我来自美国是一个地地道道的美国人用英语怎么说 昨天晚上湖南卫视演什么
[app, chat]	查找通讯录 我给你打电话行吗
[poetry, cookbook]	读一首古诗。 说话，给我搜一下做苹果麦片粥是怎么做啊？
[map, video]	湘潭到常德怎么走 看电影啊
[weather, tvchannel]	那会不会下雨 我看呀中央五台
[match, video]	播放，青岛中能的赛程。 动画片巴啦啦小魔仙
[chat, app]	什么评论呀 打开手机QQ恩
[video, cookbook]	韩国电视连续剧老大 爆炒猪肝怎么做？
[translation, cookbook]	橙子的英文怎么说 排骨堡汤的做法。
[cookbook, schedule]	然后等你杀猪菜怎么做？ 明天上午8:10叫我起床。
[email, novel]	我想写一个新邮件 给我讲个长篇小说。
[train, radio]	帮我查一下广州到深圳的火车 打开调频FM107南平人民广播电台
[stock, epg]	查询海螺水泥的股票 电视台在播什么节目
[cookbook, website]	王志排骨怎么做 我想看一下凤凰网
[chat, message]	出来约炮吗 发短信给幺零零八六内容是十一
[chat, cookbook]	你能干什么啊 西红柿炒蛋怎么煮？
[message, stock]	给何建琴发短信 搜索中国移动股票
[novel, flight]	我要看古典仙侠小说 帮我查一下深圳到桂林后天的机票
[chat, epg]	我可以帮你吗 中央一套什么时候有建党伟业
[epg, message]	快乐大本营什么时间播？ 发送短信给陈群
[tvchannel, app]	高清央视综艺 ﻿打开熊猫看书
[music, video]	我想亲亲我的宝贝这首歌 汉武大帝
[health, train]	肾积水怎么治？ 去广州的火车票
[website, health]	现在我也想上新浪网了 发烧。
[cookbook, telephone]	怎么做卤猪脚 打电话给卢静
[chat, video]	你明白什么 看东方
[epg, cookbook]	今晚什么节目呀？ 川崎玫瑰的制作方法
[message, poetry]	发短信给王小露的 来一首唐诗吗？
[bus, chat]	宁波到杭州的汽车 有什么用呢
[flight, chat]	贵阳到哈尔滨飞机 你需要吃东西吗
[tvchannel]	CCTV记录 高清央视综合频道
[flight, health]	帮我查一下明天广州到北京的航班。 甲亢怎么办？
[website, chat]	上山居网 你认识微软小冰吗
[chat]	怎么找女朋友 是不是只要我说话你就说话
[map, news]	查询沿途的KTV 讯飞语音我想知道山东省东营市今天的新闻。
[cookbook, chat]	酱茄条做法。 你明白什么
[chat, message]	你可以二十四小时陪我聊天吗 给张金波发短消息今天中午一起吃饭
[stock, poetry]	搜索中国移动的股市行情 给我背一首满江红。
[riddle, music]	搞笑谜语。 哦来一首青花瓷
[poetry, video]	再来背一首毛泽东的诗词。 想看韩剧
[datetime, poetry]	多少月之后就是过年了 张，来首白居易的诗。
[chat, poetry]	你能安慰我吗 我想听首唐诗。
[message, flight]	给园园发短信 上海到淮安的飞机
[poetry, news]	请背诵静夜思。 今天惠州新闻。
[translation, message]	我不在家英语怎么说 给刘三发短信说我今天没有空
[health, video]	得了艾滋病怎么办 地心历险记二
[translation, tvchannel]	小说英语怎么说 天津电视台的国际频道，拜托了哈
[video, calc]	五号特工组 十二与32的积是多少
[chat, app]	你认识吗 打开uc浏览器v八
[cookbook, health]	海参怎么做？ 发烧。
[chat]	笨笨你的底层是基于什么算法啊 你知道我的名字吗
[video, chat]	来一个选秀节目 你的好朋友是谁
[map, lottery]	到环都大酒店怎么走 七星彩
[poetry, video]	月咏牡丹的下一句，是什么？ 播放特种兵之利刃出鞘
[match, health]	哦，中超比赛时间三比五。 沙眼。
[weather, chat]	大连天气 库里是不是傻
[video, chat]	查最近的电影。 干嘛去
[message, epg]	给谢小培发短信今晚一起吃饭 8点河北卫视播放过恋了爱了
[website, chat]	打开宽带商务网站 这是啥啊
[video, stock]	最近有什么好看的电视连续剧武打的。 查下银星能源股票
[tvchannel, video]	我要看湖南台 最近有什么好看电影了？
[contacts, cookbook]	把王世怀的号码发给乔丽君 怎么做卤猪脚
[cookbook, bus]	扁豆豆角怎么烧？ 济南去聊城的汽车。
[map, train]	到鼓楼怎么走 查一下那个南京到昆明的火车
[stock, chat]	查询科大讯飞的股价 你啥时候出现的
[train, news]	去枣庄的火车 播放最近新闻。
[cookbook, chat]	怎么做煎饼？ 你明白什么
[train, epg]	查询柳州到昆明的列车 昨天晚上湖南卫视演什么
[weather, video]	今天柳州天气怎么样 我的幸福
[map, poetry]	从观音桥到重庆市图书馆怎么走 说一首唐诗吧！
[train, chat]	帮我查询一下温州到上海的火车 讲个笑话吗
[cinemas, flight]	最近有什么热门的电影？ 到北京的飞机。
[weather, cookbook]	庐山天气 凉皮的制作方法。
[health, chat]	宫外孕怎么办？ 我美么
[flight, chat]	儋州到海口的航班 你需要吃东西吗
[cookbook, weather]	怎么做水煮鱼店？ 今天全椒天气怎么样
[map, message]	宁乡到长沙怎么走 发信息给健美
[weather, train]	常州天气预报 去广州的火车票
[calc, weather]	根号3是多少 明天的天气
[poetry, map]	来一首李煜的词。 帮我搜一下科大讯飞在哪
[telephone, epg]	打电话给之山 湖南卫视放什么节目？
[message, chat]	发信息给盛吉 唠什么
[flight, radio]	查询明天南阳到上海的航班 打开调频FM107南平人民广播电台
[novel, email]	我要看魔法神话小说 给我写一个新邮件
[map, stock]	帮我搜一下科大讯飞在哪 永辉超市股份的价格
[lottery, chat]	查七乐彩开奖结果 唠什么
[chat, poetry]	你认识我吗 我想听首唐诗。
[health, video]	包茎怎么办？ 搜索国外大片
[website]	你帮我打开网站 现在我也想上新浪网了
[tvchannel, music]	江苏影视 播放眼色
[health, riddle]	梅毒怎么治疗？ 也来个灯谜吗？
[chat, translation]	喜欢男孩还是女孩 翻译爸爸
[health, epg]	静脉曲张怎么治疗？哦？ 上周六发现之旅有演星跳水立方呢
[chat, train]	你这答复逻辑也是没谁了 查一下杭州到鹰潭的火车票
[match, stock]	中超赛事预告吗？ 中国太保股票
[chat]	你希望我分手吗 你认识宫庆红么
[chat, stock]	马家沟是个好学校吗 居然股份股票怎么样
[video, chat]	查一下最近有什么电影？ 午饭怎么办
[chat, train]	怎么教你变聪明 广州到孝感的火车
[epg, riddle]	看当前直播的比赛 讲一个谜语和答案。
[app, novel]	赶集 我要看饶雪漫的小说左耳
[datetime, train]	武汉的精确时间是 潜山到福州的火车
[cookbook, email]	恩，红烧土豆怎么做我想学？ 我要查看邮件
[chat, app]	你最近干嘛呢 有道词典
[chat, telephone]	我不确定具体啥时间去呢 给高兴打电话
[video, chat]	影视流星花园 你喜欢有钱人吗
[cinemas, lottery]	最近有什么新上映的电影啊？ 帮我查一下2013年2月8日开奖的15选5中奖号码
[cookbook, schedule]	石螺怎么煮 查看最近的日程
[health, website]	肩周炎，要怎么治疗。 打开苹果香港官方网站
[health, stock]	湿疹怎么处理？ 科大讯飞今天的股票
[translation, novel]	你今天去了哪里用英文怎么讲 郭敬明的爱情小说《悲伤逆流成河》
[music, poetry]	我想听歌曲传奇 哪里香我来一首李白的诗。
[message, cinemas]	发短信给王亮说死人你在干什么呢 找下最近最热播的电影。
[video, chat]	请帮我查找一下奥特曼大电影 青蛙在做什么
[riddle, video]	来一个字谜，二。 最近有什么科幻电影？
[tvchannel, novel]	我要看中央五台 我要看现代重生小说
[telephone, poetry]	打电话给魏文强 来一首唐诗吗？
[riddle, map]	你给我说几个谜语。 我想到科大讯飞怎么走
[chat]	男人好吗 可什么爱我在骂你好吗
[chat, epg]	你认识微软小冰么 现在电视台在放什么节目
[cookbook]	辣酸菜鱼怎么做了。 豆腐花的做法。
[music, video]	我想听首歌 命运派对
[news, contacts]	答复，我要听新闻。 潘靖的电话是多少
[poetry, video]	呵呵，背首诗来听。 歧路兄弟
[map, website]	合肥百货大楼在哪里 浏览一下百度
[website, video]	赶集网 看千金归来第五集
[calc, video]	123和34的差等于多少 狸猫换太子
[chat]	你是巧妇还是米 杜雨萌学姐是谁
[news, calc]	我想听昨天晚上的新闻。 15加上2的平方
[app, website]	帮我打开电话本 宜家
[chat]	讲个笑话吗 什么评论呀
[chat, message]	林芝吃什么 给黄尚君发短信
[epg, chat]	周六晚上重庆卫视有转播神探高伦布吗 学什么
[epg, chat]	8点河北卫视播放过恋了爱了 嘿干嘛呢
[epg, translation]	搜索电视剧爱情悠悠药草香在哪个频道首播？ 一加一用英语怎么说
[chat, contacts]	这么夸张 潘靖的电话是多少
[epg, tvchannel]	哪个电视台在放神雕侠侣。 远教四台
[chat]	唠什么 跳的人我想要了吗
[poetry, schedule]	ok好，来首李白的诗词。 明天早晨8:10的闹钟。
[chat, poetry]	你告诉我为什么 朗读咏雪
[lottery, telephone]	七星彩 幺三八五幺二九二四幺四
[chat]	丰田车在哪里生产的？ 你怎么知道我不知道
[music]	我想听莫失莫忘。 播放郁可唯的歌
[poetry, map]	背诵一首唐诗 鹰潭到景德镇
[news, chat]	今天东莞新闻。 你喜欢老师吗
[train, tvchannel]	明天南京到徐州的火车 我要看c c t v一
[poetry, cookbook]	我想听首唐诗。 教我做馒头。
[video, telephone]	花开半夏 打电话给小女儿
[epg, riddle]	给我搜搜什么电视台什么时间有转播神探高伦布 脑筋急转弯，孙。
[chat, poetry]	嗯我帮你啥 请念一首毛泽东诗词。
[cookbook, epg]	蒜苔的做法 中央电视台少儿频道大耳朵图图
[video, cookbook]	一个鬼子都不留 糖醋鲤鱼怎么做？而？
[cookbook, stock]	烤牛排怎么做？ 我要查股票
[cookbook, chat]	番红烧肉的做法。 巩捷甫是谁
[health, telephone]	乳腺炎。 给吴方婷打电话
[chat, telephone]	可是我问你啥都听不懂啊 打电话给郑艺红
[email, music]	全部应答 我想听蔡依林的倒带这首歌
[chat, tvchannel]	谁在雪里跑 中央十一台
[chat, tvchannel]	单个词是什么情况 哦我想看中央一台
[poetry, radio]	那你爸给我背一首唐诗了。 98.4香港电台第四台
[map, chat]	去科大讯飞怎么走 什么东西
[train, health]	明天有火车到襄阳吗 胆结石怎样治疗。
[flight, bus]	明天温州到上海的航班。 上海到合肥可以到哪坐车
[chat]	你喜欢老师吗 宝宝你这是在卖萌吗
[cookbook, email]	烤鸡翅怎么做？ 我想写一个新邮件
[train, stock]	查询昆明到合肥的火车 查下银星能源股票
[chat, telephone]	你爱哈工大吗 拨打幺三九七七零九八七七六
[cookbook, flight]	面包的配方。 查询一下明天广州到武汉的航班
[contacts, cookbook]	把李文鼎的号码发给谢服全 怎么做京酱肉丝。
[chat, epg]	聊些什么呢 非诚勿扰什么时候演啊
[chat, app]	什么是色 打开sky电话
[cookbook, riddle]	米饭怎么做 查个字谜。
[chat, music]	这是谁唱的歌？ 搜索电视剧插曲
[translation, riddle]	福尔摩探案急翻译成英文 爆笑谜语
[cookbook, stock]	怎样炒肉。 搜索蒙牛的股市行情
[app, chat]	酷狗音乐盒 你知道水吗
[video, cookbook]	杨三姐告状 新奥尔良烤翅的做法
[chat]	男朋友总借钱怎么办 干嘛好
[chat, app]	怎么操作 金山词霸
[epg, chat]	今天什么好看电影？ 你是不是爱上别人了
[radio, app]	肥东人民广播电台调频FM101.3 上QQ我
[chat, poetry]	你端午节放假么 来一首白居易的长恨歌
[poetry, chat]	人之初，性本善下一句是什么？ ﻿你好慢吗！
[match, epg]	我想看足球中超，第25轮的比赛时间。 中央六台有什么节目
[chat, music]	你会唱歌吗 想听牵手这首歌
[cookbook, video]	土豆的做法 我想看斯皮尔伯格导演的电影
[calc, chat]	2平方 不多不要紧都会什么
[music, translation]	帮我查一下周杰伦的歌 我今天去北京了英语怎么说
[video, website]	江山 聚友网
[poetry, chat]	思春夜喜雨下一句是。 怎么调用QA
[bus, epg]	吉林到大连的车。 前两个星期时代出行有播X女特工呢
[cookbook, radio]	民间小炒肉的做法。 调幅am六百二十八
[datetime, cookbook]	现在星期几 炖肉
[train, chat]	到北京的火车班次 爱我什么
[chat, music]	什么太美了 哦来一首青花瓷
[flight, health]	帮我订一张杭州到上海的机票 介绍一下尖锐湿疣
[cookbook]	赵包子怎么做的，你？ 花格等蛋的做法。
[telephone, poetry]	给张张打电话 背一首春晓
[chat]	还是不用了吧 我是你什么人
[app, message]	打开应用漫画 发信息给健美
[chat]	爱我什么 哪里找小姐
[poetry, video]	来一首七言绝句。 中国最强音
[chat]	我没去哪儿啊 你的啥啊
[translation, cookbook]	五用英语怎么说 田螺怎么炒啊？
[cookbook, cinemas]	回锅肉。 最近有什么新上映的电影啊？
[chat, tvchannel]	李亚丽的工作是什么 央3
[poetry, chat]	来一首唐诗吗？ 还是笨笨的
[news, email]	打开腾讯头条新闻 我想写一个新邮件
[chat]	北京的天气好吗 你妹叫傻傻么
[news, datetime]	姨，最近有什么新闻。 哪天清明节
[cookbook, video]	要怎么煮饭。 查找90年代好评的武侠电影
[lottery, health]	搜索大乐透的中奖号码 胃溃疡。
[news, app]	请问一下军事新闻。 打开uc浏览器登录新浪网主页
[chat, health]	能告诉我你的性别么 静脉曲张怎么治疗？哦？
[chat, cookbook]	雨点怎么样 还路阻少茶汤的做法。
[health, chat]	得了肝癌怎么办？ 谁在雪里跑
[cookbook, riddle]	酸辣汤的做法。 你给我说几个谜语。
[map, video]	导航到建八路 我想看斯皮尔伯格导演的电影
[chat, riddle]	我看你还是不太行 猜个谜语哦。
[map, tvchannel]	导航到佛山大良汽车站 调到新疆综艺
[news, cookbook]	我要听新闻，给我数。 怎么做水煮鱼店？
[chat, video]	哪里找小姐 胜者即是正义
[chat, cookbook]	还是想知道你能做些什么 然后等你杀猪菜怎么做？
[epg, video]	收看安徽卫视节目。 看动物卡通
[news, message]	讲点新闻 给周玉发短信
[epg, flight]	我想看中央六台的电影。 查询一下明天广州到武汉的航班
[translation, email]	你好丑用英文怎么说 替我打开新邮件
[train, poetry]	从长沙到北京的列车 所以说李白的诗。
[message, epg]	发短信 昨天的北京新闻
[novel, tvchannel]	查找校园小说沙漏第二部 高清央视综艺
[news, train]	讯飞语音我想知道山东省东营市今天的新闻。 查查一下连江到湛江的火车票
[cookbook, music]	凉皮的制作方法。 我想亲亲我的宝贝这首歌
[music, video]	来一首宝贝对不起 妈妈的花样年华
[music, translation]	我想听老婆这首歌 我们做爱吧用英文怎么说
[flight, telephone]	到武汉的航班 幺三五八四四七零五零二
[chat, schedule]	你研发团队有些谁 晚上8:10叫我起床。
[chat, video]	你爱吃吗 打开节目搜索
[cookbook, news]	鱼香肉丝，怎么做？买？ 播新闻，湖南新闻。
[epg, video]	现在电视台在放什么节目 青春期撞上更年期二
[map, music]	往火车北站怎么走 我想听只对你有感觉
[cookbook, music]	怎么弄红烧肉哦？ 我想听蔡依林的倒带这首歌
[chat, cookbook]	为什么要请你 孙翠鱼怎么做？
[email, match]	我想全部回应 江苏舜天队这个星期的比赛时间给我找出来
[chat]	还能聊点啥呢 我咋不知道这事儿呢啊明星啊之心知肚明啥意思
[music, chat]	搜索电视剧插曲 怎么不懂讲晚安呢
[tvchannel, riddle]	我看呀中央五台 给我讲一个谜语吧！
[train, chat]	深圳至合肥的火车票 在哪里出门右转
[music, cookbook]	放一首其实我介意 昌鱼的做法
[video, chat]	你好我想看电影 你知道小宝宝上幼儿园哭吗
[chat]	王石的事你怎么看 是不是只要我说话你就说话
[video, cookbook]	铁甲钢拳 虾仁饭。
[poetry, video]	你给我背一首白居易的诗。 古惑仔
[match, chat]	2013年中国男足，主要赛程。 笨笨你的底层是基于什么算法啊
[cookbook]	手抓饼的做法。 红烧猪脚怎么做啊？
[map, message]	带我去新都会 发短信给幺五八三七五幺幺幺四幺
[poetry, chat]	学而不厌，下一句是什么？ 聊些什么呢
[tvchannel, video]	我想看c c t v 一频道 看乡村爱情
[website, video]	给我打开百度网 死亡复生
[chat, music]	这么任性 放歌，天亮了。
[weather, chat]	查一下绵阳的天气预报 这不是你的名字吗😂
[health, riddle]	怎么治疗牛皮癣 来一个灯谜，你。
[chat, video]	你知道小宝宝上幼儿园哭吗 90年代林心如演的电视剧
[bus, chat]	上海到合肥可以到哪坐车 从哪回来
[epg, chat]	可不中央五套明天的节目单 你还能做什么
[video, chat]	看看最近有什么电影？ 你叫什么啊
[train, chat]	广州去昆明的火车 何超盈是谁
[contacts, chat]	把平水相逢的手机号码发给8000 你只会说这些吗
[video, map]	最近有什么好看电影了？ 查一下沿途的科大讯飞
[website, health]	把淘宝网打开 肠易激综合征。
[cookbook, health]	烧排骨汤需要什么调料？ 近视眼怎么治疗
[cookbook, lottery]	故宫鱼怎么做？ 查七乐彩开奖结果
[contacts, video]	新建联系人姓名张三号码一二三四五六七八 薛平贵与王宝钏
[translation, riddle]	庞军军英语怎么说 讲一个谜语和答案。
[epg, website]	查查最近一周CCTV-4美洲有放我爱记歌词么 把我打开淘宝的网页
[schedule, chat]	提醒我明天约了。 嗨吃晚饭了吗
[message, chat]	给马翊桐发信息 你端午节放假么
[chat, health]	那你喜欢做机器人么 包茎怎么办？
[stock, message]	搜索中国移动股票 给靖哥哥发短信说我不回来吃饭了
[lottery, chat]	买三注星期四开奖的七乐彩 恋爱着东西很玄虚，谁都说不准
[video, radio]	正者无敌 能不能帮我接听中广流行网
[video, app]	播放神话 打开天天动听播放站你名下
[train, contacts]	温州到瑞昌的火车 把张玉娟的手机号码发送给吴伟
[riddle, message]	让我猜个谜语。 发条短信给张亚东
[novel, tvchannel]	你能搜到小说不？ 陕西二套
[telephone, message]	打电话给张志国 发短信给刘文说明天下午五点有聚会
[health, contacts]	类风湿怎么治？ 把李志强的号码发给贾洪鉴
[cinemas, telephone]	找下最近最热播的电影。 给张张打电话
[calc, email]	123和34的和等于多少 我想要转发这封邮件
[tvchannel, map]	天津电视台的国际频道，拜托了哈 去科大讯飞怎么走
[telephone, chat]	四八七三一六六 在哪里出门右转
[cookbook, chat]	语音火锅怎么做啊？啊？ 这不是你的名字吗😂
[chat]	提是谁 你平时吃什么
[chat]	太阳像个什么 你和小冰有什么不一样
[cookbook, match]	煲鸡汤呢 中超赛事预告吗？
[stock, chat]	安徽合力股票 要怎么打你
[chat, map]	你为啥叫笨笨 沿途有没有加油站
[poetry, website]	老朗诵首古诗。 四川新闻网
[chat, video]	学什么 命运派对
[radio, chat]	请帮我调频97.5湖南人民广播电台文艺台 怎么教你变聪明
[cinemas, tvchannel]	最近的新电影有哪些？ 高清央视综艺
[telephone, cookbook]	给吴方婷打电话 基尾虾怎么做？
[video, epg]	康熙大帝 中央一套什么时候有建党伟业
[telephone, music]	打电话零九一零二五六五三五四 帮我查一下周杰伦的歌
[match, chat]	广州恒大亚冠联赛，比赛时间。 可是我不喜欢你了两个亿你你一点也不忙啥子
[flight, website]	帮我查一下杭州到长春的飞机航班 聚友网
[cookbook, video]	怎么做京酱肉丝。 我想看爱情闯进门
[chat, app]	你想他干嘛 打开系统软件清理
[flight, news]	后天去武汉的航班 播放最近的新闻。
[schedule, video]	帮我设定8:10的闹钟。 电视剧火凤凰
[message, calc]	呃发信息给周玉豪 3的平方除以2的立方的商的倒数
[chat, schedule]	谁写的你 明天上午8:10叫我起床。
[cookbook]	肉沫茄子，怎么做？ 做红酒怎么做啊？
[website, chat]	心绝网上人间 出来约炮吗
[translation, health]	翻译慷慨激昂 介绍一下尖锐湿疣
[contacts, chat]	把李志强的号码发给贾洪鉴 你认识微软小冰么
[chat, video]	你喜欢喝什么茶呀 搜索最近的，科幻电影。
[epg, video]	明天晚上湖南卫视演什么电视剧 猫眼三姐妹
[chat]	买几瓶 你听说过这句名言吗
[health, flight]	尿道炎怎么办 八月十一日从厦门飞往上海的航班
[poetry, health]	说一首唐诗吧！ 发烧。
[poetry, translation]	不是花中偏爱菊的下一句是什么？ 你怎么了英文怎么讲
[chat]	你喜欢玩什么游戏啊 绿色的啥
[cookbook, riddle]	土豆粉怎么做？ 脑筋急转弯呗！
[video, chat]	搜王菲演唱会 聊些什么呢
[translation, epg]	腿英文怎么说 给我看看什么时候有播盛夏晚晴天
[video, tvchannel]	看看郑晓龙导演的甄嬛传 我想看c c t v 一频道
[cookbook, chat]	凉面。 那你现在可以干啥
[bus, telephone]	上海回合肥怎么坐汽车 打电话到飞云
[match, riddle]	NBA比赛时间。 给我搜索脑筋急转弯。
[message, cookbook]	给青发短信 川崎玫瑰的制作方法
[riddle, contacts]	再来一个脑筋急转弯 新建联系人振华奎号码是幺三五零八九四九三幺二
[video, poetry]	海棉宝宝 来一首唐诗吗？
[translation, radio]	我正在睡觉用英语怎么说 肥东人民广播电台调频FM101.3
[cookbook, music]	酸菜是怎么做的可以用塑料布。 我想听11年，这首歌哦。
[message, translation]	发信息给董昊老婆 翻译一下明天我跳河自杀
[stock, chat]	查询洛阳钼业的股票 不这样称呼你怎么样呢
[news, chat]	播放最近的新闻。 秋娃娃写信给谁
[website, bus]	打开苹果香港官方网站 宁波到杭州的汽车
[cinemas, cookbook]	查一查上影电影院即将上映的影片 豆腐花的做法。
[train, telephone]	帮我在百度里搜一下东莞到北京的火车 打给曾玮文
[chat]	出门去年是个这么快呀 为什么要请你
[stock, flight]	居然股份股票怎么样 明天去桂林的航班。
[chat, calc]	你考试挂科怎么办 帮我算一算45的平方根
[poetry, riddle]	我要听宋词。 啊脑筋急转弯啊
[cookbook, tvchannel]	给我讲个笑话吧，鱼香肉丝怎么做？ 海南旅游卫视
[poetry, weather]	雄关漫道真如铁下一句是什么？ 查看汕头天气
[chat]	可是我不喜欢你了两个亿你你一点也不忙啥子 你有喜欢的人吗
[chat, translation]	你知道北京他们吗 早点死英文怎么翻译
[tvchannel, match]	央3 2013年中国男足，主要赛程。
[chat, match]	谁骂你 NBA比赛时间。
[music, website]	我要听情动这首歌。 心绝网上人间
[stock, chat]	我想知道科大讯飞的市值 你告诉我为什么
[riddle, cookbook]	讲个谜语猜一下。 烤牛排怎么做？
[cookbook, health]	怎么做冰激凌？ 大肠癌
[contacts, chat]	把张新涛电话发给常胜宾 何超盈是谁
[weather, video]	天气南京 电影中国合伙人
[train, novel]	厦门到赣州的火车票 赶紧推荐一部小说。
[epg]	非诚勿扰什么时候演啊 咱们结婚吧什么时候播出
[cookbook, flight]	红烧猪蹄怎么做 明天回广州的航班
[novel, lottery]	我要看免费的小说。 七星彩
[schedule, website]	明天上午8:10叫我起床。 打开杜鑫文的网站
[flight, weather]	八月一号去上海的航班 北流的天气
[chat, flight]	那你想当男生还是想当女生 帮我查一下广州到长沙的航班
[video, translation]	李瑞英主持的最新的新闻节目 大家今天心情如何用英语怎么说
[cookbook, match]	猪肚鸡怎么做啊？ 中超赛事预告吗？
[chat, flight]	喂喂能听我说话吗 青岛到广州航班
[match, chat]	中超比赛结果，今天呢？ 你什么时候去北京
[cookbook, flight]	如何做西红柿炒蛋。 大连飞往上海的航班
[chat, epg]	多推荐几个吧 搜一下CCTV74月15号播出新编辑部的故事呢
[cookbook, chat]	新疆大盘鸡的做法。 然后你转了么
